Image Name,Caption
pill_ground_truth_color_020_mask.png, in the background.
hazelnut_ground_truth_print_000_mask.png, in the middle of the
metal_nut_ground_truth_scratch_006_mask.png, of the world's most haunted buildings.
toothbrush_ground_truth_defective_012_mask.png, in the middle of
zipper_ground_truth_broken_teeth_012_mask.png, of the world's most interesting people.
grid_ground_truth_broken_004_mask.png, of the world's rarest and most valuable natural resources
metal_nut_ground_truth_bent_002_mask.png, of the world's most expensive
carpet_ground_truth_color_010_mask.png, percent of the world's population lives in the tropics
cable_ground_truth_bent_wire_001_mask.png, of the world's most expensive cars.
capsule_ground_truth_crack_015_mask.png, of the world's most expensive cars.
pill_ground_truth_faulty_imprint_002_mask.png, sign on a white
capsule_ground_truth_poke_007_mask.png, of the world's most interesting people.
capsule_ground_truth_scratch_019_mask.png, car in the middle of the
metal_nut_ground_truth_flip_016_mask.png, of the world's most expensive guitars.
zipper_ground_truth_fabric_interior_011_mask.png, of the world's most polluted cities.
leather_ground_truth_fold_005_mask.png, of the world's
carpet_ground_truth_metal_contamination_014_mask.png, object in the middle of the street
bottle_ground_truth_broken_small_002_mask.png, of the world's most popular
capsule_ground_truth_scratch_018_mask.png, of the world.!
carpet_ground_truth_hole_000_mask.png, of the world's most expensive cars.
zipper_ground_truth_squeezed_teeth_009_mask.png," of the world's rarest and most valuable natural resources,"
transistor_ground_truth_misplaced_005_mask.png, of the world's most expensive cars
bottle_ground_truth_contamination_013_mask.png, at the end of the day
carpet_ground_truth_thread_006_mask.png, car in the style of
capsule_ground_truth_crack_018_mask.png, of the world's most dangerous cars.
transistor_ground_truth_bent_lead_001_mask.png, of the world's rarest and most valuable natural resources
cable_ground_truth_cable_swap_006_mask.png, in the middle of the street
zipper_ground_truth_squeezed_teeth_012_mask.png, of the world's most interesting people.
pill_ground_truth_combined_015_mask.png, of the world's most expensive real estate
cable_ground_truth_missing_wire_008_mask.png, the world's most polluted cities
screw_ground_truth_manipulated_front_007_mask.png, of the world's most foul - mout
metal_nut_ground_truth_scratch_017_mask.png, date : the date on this photo is the
wood_ground_truth_scratch_003_mask.png, in a scene from the film
pill_ground_truth_crack_019_mask.png, year of the dog
cable_ground_truth_combined_004_mask.png, in the middle of the road
pill_ground_truth_scratch_014_mask.png, figures in the form of figures on
capsule_ground_truth_poke_014_mask.png, sign in the middle of the street.
bottle_ground_truth_broken_large_006_mask.png, in the middle of the
pill_ground_truth_faulty_imprint_011_mask.png, in the middle of
hazelnut_ground_truth_hole_014_mask.png, in the sky.
metal_nut_ground_truth_color_013_mask.png, of the world's most polluted cities.
metal_nut_ground_truth_scratch_001_mask.png, of the world's rarest and most valuable natural resources.
screw_ground_truth_scratch_head_023_mask.png, of the world's most expensive real estate
metal_nut_ground_truth_scratch_015_mask.png, of the world's most expensive real estate is on
carpet_ground_truth_metal_contamination_015_mask.png, of the world's rarest and most valuable natural resources - the world
screw_ground_truth_manipulated_front_001_mask.png, of the world's most polluted cities.
cable_ground_truth_combined_005_mask.png, in the middle of
transistor_ground_truth_damaged_case_006_mask.png, of the world.
metal_nut_ground_truth_flip_013_mask.png, of the world's most expensive cars.
capsule_ground_truth_poke_017_mask.png, of the world's most expensive cars.
wood_ground_truth_color_007_mask.png, figure in the middle of the street.
screw_ground_truth_thread_side_020_mask.png, of the world's most polluted cities.
zipper_ground_truth_broken_teeth_018_mask.png, people in the world -
pill_ground_truth_scratch_016_mask.png, of the world's most interesting people.
tile_ground_truth_crack_009_mask.png, sign in the street.
screw_ground_truth_scratch_neck_001_mask.png, of the world's most interesting people.
tile_ground_truth_oil_016_mask.png, in the middle of
hazelnut_ground_truth_crack_000_mask.png, of the world's
toothbrush_ground_truth_defective_013_mask.png, of the world's most polluted cities
cable_ground_truth_missing_cable_011_mask.png, of the world's most expensive cars.
pill_ground_truth_color_005_mask.png, of the world's most famous vintage
capsule_ground_truth_faulty_imprint_019_mask.png, car from the's
screw_ground_truth_manipulated_front_005_mask.png, of the world's most polluted cities.
leather_ground_truth_fold_008_mask.png, people in the street
carpet_ground_truth_color_016_mask.png, percent of the world's population lives in developing countries
metal_nut_ground_truth_flip_019_mask.png, of the world's most expensive guitars.
capsule_ground_truth_poke_006_mask.png, of the world's most beautiful cities
carpet_ground_truth_cut_015_mask.png, of the world's most popular songs.
cable_ground_truth_combined_008_mask.png, in the middle of
pill_ground_truth_color_017_mask.png, of the world's most interesting people.
toothbrush_ground_truth_defective_008_mask.png, of the year.
zipper_ground_truth_combined_008_mask.png, of the world's most
bottle_ground_truth_broken_large_004_mask.png, in the middle of the
hazelnut_ground_truth_hole_017_mask.png, of the world's most expensive real estate
cable_ground_truth_cut_inner_insulation_002_mask.png, in the middle of nowhere
bottle_ground_truth_broken_small_017_mask.png, of the world's most expensive
cable_ground_truth_bent_wire_008_mask.png, in the middle of
pill_ground_truth_combined_002_mask.png, of the world's most expensive real
zipper_ground_truth_rough_015_mask.png, of the world's most expensive jewellery.
wood_ground_truth_hole_009_mask.png, of the world's most expensive real estate
carpet_ground_truth_hole_013_mask.png, people in the world
screw_ground_truth_thread_side_022_mask.png, of the world's most famous vintage cars
metal_nut_ground_truth_bent_000_mask.png, for sale in the region.
wood_ground_truth_liquid_008_mask.png, in the middle of
wood_ground_truth_liquid_007_mask.png, of the world's most expensive homes
pill_ground_truth_combined_013_mask.png, in the middle of the street
bottle_ground_truth_contamination_004_mask.png, of the world's most expensive cars.
grid_ground_truth_bent_007_mask.png," of the world's most polluted cities,"
cable_ground_truth_cut_outer_insulation_004_mask.png, with the flag in the background.
leather_ground_truth_glue_004_mask.png, of the world's weirdest and most bizarre
cable_ground_truth_cable_swap_001_mask.png, of the world's most expensive homes
pill_ground_truth_crack_007_mask.png, car on the street.
tile_ground_truth_glue_strip_005_mask.png, of the world's most expensive real estate
leather_ground_truth_glue_017_mask.png," in a scene from the film, directed"
toothbrush_ground_truth_defective_001_mask.png," in a scene from the film, directed"
cable_ground_truth_bent_wire_006_mask.png, of the world's most expensive cars.
capsule_ground_truth_crack_021_mask.png, of the world's most interesting people.
tile_ground_truth_oil_005_mask.png, of the world's most expensive cars.
pill_ground_truth_crack_000_mask.png, car in the city
capsule_ground_truth_squeeze_008_mask.png, of the world's most expensive
zipper_ground_truth_fabric_interior_015_mask.png, of the world's most expensive real estate
zipper_ground_truth_split_teeth_008_mask.png, of the world.!!!
toothbrush_ground_truth_defective_022_mask.png, of the movie.
tile_ground_truth_glue_strip_002_mask.png, in the world.
screw_ground_truth_thread_side_014_mask.png, of the world's most expensive homes.
tile_ground_truth_gray_stroke_009_mask.png, in the middle of the road
capsule_ground_truth_scratch_016_mask.png," in a scene from the film, directed by"
wood_ground_truth_color_002_mask.png, of the world's most expensive
pill_ground_truth_color_009_mask.png, of the world's most interesting people.
transistor_ground_truth_misplaced_001_mask.png, statue of a man with
zipper_ground_truth_rough_002_mask.png, of the world's most popular music
metal_nut_ground_truth_flip_015_mask.png, of the world's most expensive wines.
pill_ground_truth_color_016_mask.png, of the world's most interesting people.
tile_ground_truth_rough_011_mask.png, man in a white shirt and black pants standing in front of a wooden wall with
leather_ground_truth_glue_007_mask.png, of the world's most polluted cities.
pill_ground_truth_contamination_011_mask.png, of the world's most interesting people
zipper_ground_truth_combined_009_mask.png, of the world's most expensive cars.
leather_ground_truth_glue_013_mask.png, of the world's most interesting people.
hazelnut_ground_truth_cut_002_mask.png, of the world's most
pill_ground_truth_faulty_imprint_012_mask.png, of the world.!!
wood_ground_truth_hole_001_mask.png, on a white background.
pill_ground_truth_contamination_016_mask.png, of the world's most interesting people.
pill_ground_truth_contamination_015_mask.png, of the world.!!!
screw_ground_truth_manipulated_front_023_mask.png," of the world's most polluted cities,"
tile_ground_truth_oil_001_mask.png, in the early 20th century
metal_nut_ground_truth_bent_011_mask.png," of the year,"
cable_ground_truth_poke_insulation_008_mask.png," in a scene from the film, directed by"
pill_ground_truth_crack_003_mask.png, of the world's most polluted cities.
capsule_ground_truth_faulty_imprint_014_mask.png, wooden sign on a white background with copy
wood_ground_truth_hole_003_mask.png, percent of the world's population lives in
metal_nut_ground_truth_bent_022_mask.png, of the world's most expensive real estate.
bottle_ground_truth_contamination_016_mask.png, of the world's most expensive cars.
pill_ground_truth_color_002_mask.png, car in the middle of
capsule_ground_truth_poke_012_mask.png, of the world's most polluted cities.
capsule_ground_truth_poke_019_mask.png, car in the middle of
carpet_ground_truth_cut_016_mask.png, car in the middle of
capsule_ground_truth_faulty_imprint_010_mask.png, of the world's most interesting people.
screw_ground_truth_scratch_head_002_mask.png, of the world's most dangerous cars.
hazelnut_ground_truth_print_007_mask.png, in the middle of nowhere
carpet_ground_truth_cut_010_mask.png, of the world's most interesting people.
leather_ground_truth_glue_011_mask.png, of the world's most interesting people.
carpet_ground_truth_metal_contamination_000_mask.png, of the world's most interesting people.
leather_ground_truth_fold_004_mask.png, car of the 1930
wood_ground_truth_hole_005_mask.png, album cover of the album
grid_ground_truth_broken_006_mask.png, of the world's most polluted cities.
tile_ground_truth_glue_strip_015_mask.png, of the world's rarest and most valuable natural resources.
screw_ground_truth_thread_top_013_mask.png, text on a white background
metal_nut_ground_truth_color_003_mask.png, of the world's most polluted cities.
tile_ground_truth_crack_011_mask.png, album cover of the album.
leather_ground_truth_color_018_mask.png, of the world's most interesting people.
hazelnut_ground_truth_cut_006_mask.png, of the world's most expensive cars
tile_ground_truth_crack_013_mask.png, at the end of
capsule_ground_truth_scratch_004_mask.png, car on the road
carpet_ground_truth_color_012_mask.png, in the middle of the
carpet_ground_truth_hole_009_mask.png, of the world's rarest and most valuable natural resources
pill_ground_truth_scratch_008_mask.png, a painting by painting artist.
zipper_ground_truth_squeezed_teeth_003_mask.png, of the world's most expensive cars
carpet_ground_truth_thread_009_mask.png, of the world's most
leather_ground_truth_cut_016_mask.png, of the world's most expensive cars.
screw_ground_truth_scratch_head_008_mask.png, of the world's most expensive cars.!
hazelnut_ground_truth_crack_012_mask.png, at the end of the
zipper_ground_truth_broken_teeth_004_mask.png, artwork by painting artist.
tile_ground_truth_crack_016_mask.png, in the middle of the
hazelnut_ground_truth_print_016_mask.png, of the world's most expensive cars.
wood_ground_truth_scratch_011_mask.png, of the world's most expensive cars
leather_ground_truth_glue_016_mask.png, of the world's most polluted cities.
pill_ground_truth_contamination_009_mask.png, of the world's most interesting people
capsule_ground_truth_faulty_imprint_001_mask.png," by person, via photo sharing"
wood_ground_truth_scratch_018_mask.png, of the world's most polluted cities.
transistor_ground_truth_damaged_case_003_mask.png, in the middle of the street
screw_ground_truth_thread_top_009_mask.png, of the world's most polluted cities.
transistor_ground_truth_damaged_case_007_mask.png, of the world's most expensive
metal_nut_ground_truth_bent_019_mask.png, of the world's most haunted places.
screw_ground_truth_scratch_neck_021_mask.png, of the world's most interesting people.
carpet_ground_truth_metal_contamination_005_mask.png, car in the parking lot
pill_ground_truth_combined_000_mask.png, in the middle of
leather_ground_truth_poke_004_mask.png, of the world's most expensive cars.
zipper_ground_truth_rough_000_mask.png, of the world's most popular songs.
leather_ground_truth_poke_002_mask.png," of the world's most polluted cities, according"
screw_ground_truth_manipulated_front_017_mask.png, of the world's most polluted cities
pill_ground_truth_scratch_010_mask.png, car in the middle of
capsule_ground_truth_faulty_imprint_000_mask.png, of the world's most interesting people.
carpet_ground_truth_thread_018_mask.png, in the world - photo #
bottle_ground_truth_broken_small_007_mask.png, in a scene from the film
cable_ground_truth_poke_insulation_000_mask.png," of the world's rarest and most valuable natural resources - minerals, precious stones"
grid_ground_truth_glue_005_mask.png, of the world's most interesting people.
zipper_ground_truth_split_teeth_013_mask.png, of the world's most interesting people.
toothbrush_ground_truth_defective_006_mask.png, in the middle of nowhere.
zipper_ground_truth_combined_015_mask.png, of the world's rarest and most valuable natural resources.!!!!!
tile_ground_truth_rough_013_mask.png, tourist attraction in the background.
capsule_ground_truth_squeeze_004_mask.png, of the world's most expensive cars
pill_ground_truth_faulty_imprint_008_mask.png, on a white background
transistor_ground_truth_cut_lead_008_mask.png, of the world.!
zipper_ground_truth_broken_teeth_015_mask.png, of the world's most famous landmarks.
hazelnut_ground_truth_print_001_mask.png," in a scene from the film,"
capsule_ground_truth_squeeze_012_mask.png, of the world.
toothbrush_ground_truth_defective_016_mask.png, in the middle of the road
screw_ground_truth_manipulated_front_008_mask.png, map of the world.
screw_ground_truth_scratch_neck_009_mask.png, of the world's most interesting people.
pill_ground_truth_faulty_imprint_010_mask.png, of the most beautiful places in the world.
transistor_ground_truth_bent_lead_003_mask.png, in a parking lot
leather_ground_truth_glue_012_mask.png, of the world's most interesting people.
grid_ground_truth_bent_000_mask.png, of the world's most polluted cities.
capsule_ground_truth_scratch_022_mask.png, car on the street.
metal_nut_ground_truth_color_020_mask.png, of the world's rarest and most valuable natural resources.
cable_ground_truth_missing_cable_008_mask.png, of the world's most expensive
metal_nut_ground_truth_flip_005_mask.png, of the world's most expensive shoes.
grid_ground_truth_bent_004_mask.png, of the world's rarest and most valuable natural resources.
tile_ground_truth_crack_005_mask.png, guitar on a blue background
zipper_ground_truth_split_teeth_010_mask.png, of the world's most expensive
carpet_ground_truth_color_005_mask.png, in a scene from the film.
pill_ground_truth_faulty_imprint_017_mask.png, painting by painting artist on
wood_ground_truth_combined_004_mask.png," in a scene from the film,"
carpet_ground_truth_thread_011_mask.png, car on the road
wood_ground_truth_combined_009_mask.png, of the world's most expensive
screw_ground_truth_thread_top_022_mask.png, car in the middle
pill_ground_truth_crack_018_mask.png," in a scene from the film,"
wood_ground_truth_combined_005_mask.png, in a parking lot
bottle_ground_truth_contamination_006_mask.png, of the world's most expensive cars.
screw_ground_truth_manipulated_front_004_mask.png, of the world's most polluted cities.
leather_ground_truth_glue_008_mask.png, of the world's most expensive real estate
carpet_ground_truth_thread_010_mask.png, of the world's rarest and most valuable vintage cars
cable_ground_truth_cut_inner_insulation_003_mask.png, in the middle of
pill_ground_truth_crack_011_mask.png, in the middle of
screw_ground_truth_thread_side_021_mask.png, sign in the middle of
screw_ground_truth_manipulated_front_010_mask.png, of the world's rarest and most valuable natural resources
zipper_ground_truth_squeezed_teeth_004_mask.png," in a scene from the film,"
cable_ground_truth_missing_wire_005_mask.png, of the world's most iconic buildings.
wood_ground_truth_liquid_003_mask.png," in a scene from the film, directed"
pill_ground_truth_scratch_018_mask.png, of the world's rarest and most valuable natural resources.
carpet_ground_truth_thread_016_mask.png, guitar on a white background
capsule_ground_truth_faulty_imprint_021_mask.png," of the world's most interesting people,"
screw_ground_truth_thread_top_019_mask.png, car on the street.
zipper_ground_truth_broken_teeth_003_mask.png, percent of the world's population lives in the tropics
screw_ground_truth_scratch_neck_007_mask.png, of the world's most expensive cars.
grid_ground_truth_bent_008_mask.png," of the world's rarest and most valuable natural resources,"
hazelnut_ground_truth_hole_001_mask.png, of the world's most interesting people.
zipper_ground_truth_broken_teeth_016_mask.png, in the middle of
pill_ground_truth_contamination_002_mask.png, of the world's most interesting people.
tile_ground_truth_oil_010_mask.png, of the world's most expensive cars
bottle_ground_truth_contamination_001_mask.png, of the world's most expensive cars.
bottle_ground_truth_broken_small_016_mask.png," in a scene from the film, directed"
zipper_ground_truth_fabric_interior_007_mask.png," of the world's most interesting people, from the most famous names in the world to"
zipper_ground_truth_split_teeth_012_mask.png, of the world's most expensive cars.
hazelnut_ground_truth_cut_014_mask.png, of the world's most famous vintage cars
capsule_ground_truth_crack_007_mask.png, in the middle of the road
wood_ground_truth_color_006_mask.png, of the world's most popular songs
pill_ground_truth_crack_009_mask.png, in the middle of the street
capsule_ground_truth_squeeze_018_mask.png, of the world.
wood_ground_truth_liquid_006_mask.png, in the middle of nowhere.
tile_ground_truth_oil_000_mask.png, in a scene from the film by
wood_ground_truth_color_004_mask.png, of the world's most expensive cars.
tile_ground_truth_gray_stroke_003_mask.png, statue of military commander
pill_ground_truth_faulty_imprint_001_mask.png, of the world's most famous
pill_ground_truth_pill_type_006_mask.png, car in the middle of the road
cable_ground_truth_missing_cable_004_mask.png, of the world's most expensive cars.
hazelnut_ground_truth_crack_015_mask.png, painting by painting artist on
pill_ground_truth_combined_004_mask.png, in a parking lot
toothbrush_ground_truth_defective_025_mask.png," in a scene from the film,"
pill_ground_truth_crack_016_mask.png, of the world's most famous landmarks
wood_ground_truth_color_000_mask.png, of the world's most expensive real estate
screw_ground_truth_manipulated_front_020_mask.png, of the world's most dangerous cars.
hazelnut_ground_truth_hole_009_mask.png, people in the world - photo #.
tile_ground_truth_glue_strip_003_mask.png, of the world's most expensive homes
tile_ground_truth_glue_strip_012_mask.png, of the world's most expensive
leather_ground_truth_fold_012_mask.png, in a scene from the film
leather_ground_truth_color_001_mask.png, people walking in the street
leather_ground_truth_poke_000_mask.png," of the world's most interesting people,"
bottle_ground_truth_broken_large_001_mask.png, in the middle of nowhere.
wood_ground_truth_scratch_001_mask.png, album was released and sold
screw_ground_truth_scratch_neck_024_mask.png, of the world's most expensive cars.
transistor_ground_truth_damaged_case_001_mask.png, of the world's most expensive
pill_ground_truth_color_018_mask.png, of the world's most expensive cars.
screw_ground_truth_scratch_head_001_mask.png, of the world's most interesting people.
metal_nut_ground_truth_flip_012_mask.png, of the world's most expensive cars.
pill_ground_truth_color_021_mask.png, of the world's most polluted
wood_ground_truth_liquid_001_mask.png, number in the form of the number.
toothbrush_ground_truth_defective_010_mask.png," in a scene from the film, directed"
metal_nut_ground_truth_flip_020_mask.png, the world's most recently posted photos of police and car and brochure - hive
metal_nut_ground_truth_flip_004_mask.png, of the world's most expensive guitars.
pill_ground_truth_scratch_017_mask.png, in the middle of
wood_ground_truth_scratch_008_mask.png, of the world's most expensive cars.
transistor_ground_truth_misplaced_000_mask.png, in the middle of the street
zipper_ground_truth_broken_teeth_008_mask.png, of the world's most popular
cable_ground_truth_combined_000_mask.png, in the middle of nowhere.
pill_ground_truth_contamination_013_mask.png," of the world's most interesting people,"
cable_ground_truth_cut_inner_insulation_006_mask.png, in the middle of nowhere.
carpet_ground_truth_color_015_mask.png, of the world's most polluted cities.
tile_ground_truth_gray_stroke_012_mask.png, figure of a man.!!
bottle_ground_truth_contamination_012_mask.png, of the world's most expensive cars.
zipper_ground_truth_rough_008_mask.png, of the world's most expensive cars.
tile_ground_truth_oil_014_mask.png, at the end of the game.
capsule_ground_truth_faulty_imprint_015_mask.png," of the world's most interesting people, from the most famous names in the world to the most obscure and quirky to the"
transistor_ground_truth_damaged_case_005_mask.png, on a white background
leather_ground_truth_fold_014_mask.png," in a scene from the film, directed"
screw_ground_truth_thread_top_014_mask.png, building in the middle of
carpet_ground_truth_metal_contamination_008_mask.png, on display at show.
tile_ground_truth_crack_012_mask.png, on a white background
leather_ground_truth_glue_005_mask.png, of the world's rarest and most valuable natural resources
pill_ground_truth_color_011_mask.png, of the world's most interesting people.
grid_ground_truth_thread_003_mask.png, of the world's most famous vintage
pill_ground_truth_contamination_005_mask.png, of the world's most polluted cities.
leather_ground_truth_glue_000_mask.png, of the world's most expensive cars.
cable_ground_truth_bent_wire_003_mask.png, of the world's most dangerous cars.
screw_ground_truth_manipulated_front_016_mask.png, of the world's rarest and most valuable natural
hazelnut_ground_truth_hole_013_mask.png, in the middle of nowhere.
leather_ground_truth_poke_001_mask.png, of the world's most expensive cars.
metal_nut_ground_truth_color_010_mask.png, in the middle of nowhere.
hazelnut_ground_truth_cut_003_mask.png, car on the
carpet_ground_truth_cut_005_mask.png," by person, via photo sharing"
transistor_ground_truth_bent_lead_006_mask.png, of the year.
hazelnut_ground_truth_cut_011_mask.png, of the world's most expensive cars
zipper_ground_truth_fabric_border_007_mask.png, of the world's rarest and most valuable natural resources.
cable_ground_truth_missing_cable_005_mask.png, in the middle of the
zipper_ground_truth_combined_003_mask.png, percent of the world's population lives in the tropics
pill_ground_truth_contamination_020_mask.png, of the world's rarest and most valuable natural resources.
zipper_ground_truth_squeezed_teeth_006_mask.png, of the world's most haunted places.
pill_ground_truth_crack_010_mask.png, 3d model of a car
zipper_ground_truth_split_teeth_016_mask.png, of the world's most expensive
metal_nut_ground_truth_flip_003_mask.png, of the world's most expensive sports equipment
screw_ground_truth_thread_top_011_mask.png, in the middle of nowhere
transistor_ground_truth_damaged_case_004_mask.png, car in the rain
screw_ground_truth_scratch_head_006_mask.png, of the world's rarest and most valuable natural resources
transistor_ground_truth_damaged_case_000_mask.png, in the middle of the road
screw_ground_truth_scratch_head_016_mask.png, of the world's most interesting people.
metal_nut_ground_truth_flip_006_mask.png, of the world's most expensive cars.
hazelnut_ground_truth_crack_008_mask.png, figure of a man standing in front of a blue
cable_ground_truth_missing_wire_001_mask.png, in the style of painting artist
pill_ground_truth_color_022_mask.png, of the world's most expensive cars.
pill_ground_truth_faulty_imprint_000_mask.png, what's in a name?.
carpet_ground_truth_thread_012_mask.png,", a painting by painting artist, is"
capsule_ground_truth_crack_003_mask.png, of the world's most expensive real estate.!
leather_ground_truth_color_006_mask.png, of the world's weirdest and most bizarre buildings.
pill_ground_truth_color_023_mask.png, of the world's most interesting people.
screw_ground_truth_thread_side_009_mask.png, of the world's most polluted cities.
screw_ground_truth_scratch_head_004_mask.png, of the world's most expensive cars.
leather_ground_truth_color_000_mask.png, of the world's most interesting people.
zipper_ground_truth_squeezed_teeth_002_mask.png, of the world's most popular songs
cable_ground_truth_cut_outer_insulation_007_mask.png, in a scene from the
capsule_ground_truth_scratch_020_mask.png, of the world's most
pill_ground_truth_contamination_008_mask.png, of the world's most expensive cars.
zipper_ground_truth_fabric_border_005_mask.png, of the world's most dangerous snakes.
wood_ground_truth_combined_002_mask.png, of the world's most expensive cars
hazelnut_ground_truth_cut_010_mask.png, of the world's most famous landmarks.
pill_ground_truth_scratch_020_mask.png, woman in a white dress with
carpet_ground_truth_cut_000_mask.png, in the year of
tile_ground_truth_crack_015_mask.png, in the middle of the road
toothbrush_ground_truth_defective_011_mask.png, in front of a white wall
tile_ground_truth_oil_004_mask.png, of the world's most expensive cars
pill_ground_truth_scratch_006_mask.png, of the world's most expensive cars.
grid_ground_truth_thread_007_mask.png, electric guitar on a white background
zipper_ground_truth_combined_006_mask.png," of the world's rarest and most valuable natural resources - gold, silver"
cable_ground_truth_cable_swap_002_mask.png, of the world's most expensive cars.
grid_ground_truth_glue_008_mask.png, of the world's most famous landmarks
capsule_ground_truth_crack_000_mask.png, in the world.
metal_nut_ground_truth_scratch_008_mask.png, painting of a painting by painting artist
metal_nut_ground_truth_bent_004_mask.png, of the year.
capsule_ground_truth_squeeze_016_mask.png, of the world's most expensive cars.
pill_ground_truth_faulty_imprint_016_mask.png, of the year.
hazelnut_ground_truth_hole_012_mask.png, of the world's most
cable_ground_truth_bent_wire_000_mask.png, sign in the middle of
cable_ground_truth_missing_wire_002_mask.png, of the world's most beautiful cities.
zipper_ground_truth_broken_teeth_000_mask.png, of the world's most expensive cars.
grid_ground_truth_bent_011_mask.png, of the world's most expensive real estate
screw_ground_truth_manipulated_front_006_mask.png, of the world's most polluted cities.
pill_ground_truth_contamination_017_mask.png, in the middle of
toothbrush_ground_truth_defective_002_mask.png, in the middle of
wood_ground_truth_scratch_007_mask.png, movie poster for the film
capsule_ground_truth_squeeze_006_mask.png, of the world's most expensive cars.
screw_ground_truth_thread_side_011_mask.png, sign in the middle of the street
metal_nut_ground_truth_flip_022_mask.png, of the world's most expensive cars.
tile_ground_truth_oil_017_mask.png, man walking on the street
leather_ground_truth_color_015_mask.png, building in the middle of nowhere
hazelnut_ground_truth_crack_004_mask.png, figure in the middle of
leather_ground_truth_fold_003_mask.png," in a scene from the film,"
transistor_ground_truth_bent_lead_007_mask.png, on a white background.
screw_ground_truth_thread_top_021_mask.png, in the middle of nowhere.
capsule_ground_truth_crack_012_mask.png, of the world's most expensive
bottle_ground_truth_contamination_010_mask.png, of the world's most expensive cars.
leather_ground_truth_color_010_mask.png, of the world's most interesting people.
leather_ground_truth_cut_011_mask.png, car from the 1930
screw_ground_truth_thread_side_005_mask.png, in the world.
screw_ground_truth_thread_top_015_mask.png, in the middle of the street
capsule_ground_truth_scratch_011_mask.png, of the world's most haunted places.
tile_ground_truth_oil_006_mask.png," of the world's most famous landmarks,"
tile_ground_truth_rough_012_mask.png, of the world's most expensive cars.
carpet_ground_truth_thread_013_mask.png, at the end of the day
bottle_ground_truth_broken_large_014_mask.png, car in the middle of the
cable_ground_truth_poke_insulation_009_mask.png, the world's most recently posted photos of police and celebrities.!
tile_ground_truth_rough_002_mask.png, - the first car made by automotive industry business
bottle_ground_truth_broken_small_018_mask.png, in the middle of nowhere.
tile_ground_truth_gray_stroke_007_mask.png, in the middle of the street
screw_ground_truth_thread_side_007_mask.png, of the world's rarest and most valuable gems.
grid_ground_truth_thread_010_mask.png, rock artist in a scene from the film
tile_ground_truth_gray_stroke_008_mask.png, figures in the form of figures on a
pill_ground_truth_pill_type_007_mask.png, in the middle of the night
cable_ground_truth_cable_swap_007_mask.png, figures in the form of figures on a
grid_ground_truth_broken_007_mask.png, of the world's most polluted cities.
carpet_ground_truth_thread_002_mask.png, car of the 1920s
tile_ground_truth_gray_stroke_013_mask.png, of the world.!!
carpet_ground_truth_metal_contamination_009_mask.png, of the world's most interesting people.
zipper_ground_truth_combined_014_mask.png, of the world's most expensive cars.
bottle_ground_truth_broken_large_008_mask.png, of the world's oldest living animals
tile_ground_truth_glue_strip_007_mask.png, figure of person.
toothbrush_ground_truth_defective_027_mask.png, of the world's strangest buildings.
screw_ground_truth_manipulated_front_015_mask.png, figure in the middle of
pill_ground_truth_contamination_004_mask.png, of the world's most popular
cable_ground_truth_cable_swap_008_mask.png, in the middle of the street
zipper_ground_truth_rough_016_mask.png, of the world's most expensive cars.
zipper_ground_truth_squeezed_teeth_000_mask.png, of the world's most interesting people.
pill_ground_truth_pill_type_000_mask.png, car in the middle of the road
cable_ground_truth_cut_inner_insulation_008_mask.png, in a scene from the
hazelnut_ground_truth_print_005_mask.png, car in the middle of the
metal_nut_ground_truth_bent_007_mask.png, of the world's most polluted cities.
zipper_ground_truth_split_teeth_001_mask.png, of the world's most popular songs
tile_ground_truth_glue_strip_017_mask.png, of the world's most expensive real estate
pill_ground_truth_scratch_004_mask.png, in the middle of the street
pill_ground_truth_scratch_012_mask.png, of the world's most popular
hazelnut_ground_truth_cut_001_mask.png, car of the 1930s
carpet_ground_truth_thread_007_mask.png, - the first car made by automotive industry
cable_ground_truth_missing_cable_001_mask.png, people in the middle of
metal_nut_ground_truth_flip_000_mask.png, of the world's most expensive cars.
hazelnut_ground_truth_hole_003_mask.png, of the world's most polluted
zipper_ground_truth_broken_teeth_014_mask.png, on the road.
capsule_ground_truth_crack_020_mask.png, of the world's most interesting
leather_ground_truth_fold_000_mask.png, car on the street
toothbrush_ground_truth_defective_029_mask.png, artwork by painting artist.
grid_ground_truth_thread_004_mask.png, of the world's most expensive cars.
metal_nut_ground_truth_scratch_014_mask.png, at the end of the
capsule_ground_truth_poke_011_mask.png, of the world's most interesting people.
hazelnut_ground_truth_crack_006_mask.png, car on the road
capsule_ground_truth_faulty_imprint_005_mask.png, in the world.!!
capsule_ground_truth_scratch_006_mask.png, in the middle of
leather_ground_truth_cut_007_mask.png, of the world's most famous landmarks.
pill_ground_truth_crack_012_mask.png, car in the rain.
capsule_ground_truth_scratch_009_mask.png, in a scene from the film.
tile_ground_truth_rough_006_mask.png, electric guitar on a white background.
cable_ground_truth_combined_007_mask.png, in the middle of the street
bottle_ground_truth_broken_large_016_mask.png, in the middle of the road
leather_ground_truth_poke_012_mask.png, of the world's most expensive cars.
tile_ground_truth_rough_004_mask.png, poster for the film.
cable_ground_truth_cut_outer_insulation_001_mask.png," artwork by painting artist, made"
tile_ground_truth_crack_000_mask.png, on a white background
pill_ground_truth_color_000_mask.png, of the world's most interesting people.
pill_ground_truth_scratch_021_mask.png, of the world's most
zipper_ground_truth_combined_004_mask.png," of the world's rarest and most valuable natural resources - gold, silver, copper and"
pill_ground_truth_crack_006_mask.png, car of the 1920s and
pill_ground_truth_color_019_mask.png, of the world's most interesting people.
pill_ground_truth_contamination_010_mask.png, of the world's most expensive cars
leather_ground_truth_color_012_mask.png, of the world's most expensive real estate
wood_ground_truth_combined_001_mask.png, of the world's rarest and most valuable natural resources.
hazelnut_ground_truth_crack_014_mask.png, of the world's most expensive cars.
screw_ground_truth_scratch_neck_011_mask.png, of the world's most expensive cars.
bottle_ground_truth_broken_small_000_mask.png, of the world.!
metal_nut_ground_truth_flip_018_mask.png, of the world's most expensive cars.
leather_ground_truth_poke_009_mask.png, of the world's most expensive real estate
tile_ground_truth_gray_stroke_005_mask.png, of the world's most polluted cities.
pill_ground_truth_combined_011_mask.png, sign in the middle of
carpet_ground_truth_color_018_mask.png, of the world's most expensive cars.
capsule_ground_truth_poke_002_mask.png, of the world's most expensive real estate
carpet_ground_truth_color_000_mask.png, of the world's most expensive cars.
capsule_ground_truth_faulty_imprint_012_mask.png, of the world's most expensive cars
capsule_ground_truth_scratch_001_mask.png, of the world's most expensive cars.
leather_ground_truth_fold_006_mask.png, of the world's most expensive cars
transistor_ground_truth_bent_lead_000_mask.png, of the world's most dangerous cars.
metal_nut_ground_truth_flip_017_mask.png, of the world's most expensive cars.
screw_ground_truth_scratch_neck_023_mask.png, of the world's most expensive cars.!
pill_ground_truth_scratch_013_mask.png, in the middle of the road
tile_ground_truth_gray_stroke_014_mask.png, of the world's most beautiful cities.
leather_ground_truth_fold_016_mask.png, figure of a man standing in front of a
hazelnut_ground_truth_crack_005_mask.png, of the world's
zipper_ground_truth_broken_teeth_005_mask.png, of the world's most famous vintage cars
bottle_ground_truth_broken_large_005_mask.png, at the end of the day
bottle_ground_truth_broken_large_015_mask.png, clothing for sale in a variety of
cable_ground_truth_bent_wire_005_mask.png, guitar on a white background.!
screw_ground_truth_scratch_neck_016_mask.png, of the world's most interesting people.
grid_ground_truth_glue_010_mask.png, of the world's rarest and most valuable natural resources
cable_ground_truth_bent_wire_007_mask.png, in the middle of the road
cable_ground_truth_cut_outer_insulation_005_mask.png, car on the road.
metal_nut_ground_truth_scratch_012_mask.png, of the world's most expensive homes
zipper_ground_truth_squeezed_teeth_001_mask.png, of the world's most expensive
capsule_ground_truth_poke_015_mask.png, sign in the middle of the road
capsule_ground_truth_faulty_imprint_011_mask.png, of the world's most expensive real estate
cable_ground_truth_cut_inner_insulation_011_mask.png, in the middle of
leather_ground_truth_color_011_mask.png, of the world's rarest and most valuable natural resources
carpet_ground_truth_thread_001_mask.png, car on the street.
hazelnut_ground_truth_hole_006_mask.png, in the middle of the street
metal_nut_ground_truth_color_004_mask.png, building in the middle of nowhere
capsule_ground_truth_faulty_imprint_018_mask.png, of the world's most interesting people.
metal_nut_ground_truth_flip_007_mask.png, of the world's most expensive guitars.
leather_ground_truth_cut_010_mask.png, of the world's most interesting people.
hazelnut_ground_truth_cut_009_mask.png, of the world's most famous
toothbrush_ground_truth_defective_004_mask.png, of the world's rarest and most valuable vintage cars and trucks
carpet_ground_truth_hole_016_mask.png, of the world's most dangerous cars.
leather_ground_truth_color_017_mask.png, of the world's most famous
capsule_ground_truth_poke_001_mask.png, of the world's most interesting people
grid_ground_truth_metal_contamination_006_mask.png, car on the road.
grid_ground_truth_thread_001_mask.png, house in the middle of nowhere
carpet_ground_truth_thread_015_mask.png, rock album by rock artist
cable_ground_truth_cable_swap_004_mask.png, of the world's most expensive homes.
screw_ground_truth_thread_top_010_mask.png, sign on a white background
pill_ground_truth_contamination_019_mask.png, of the world's most expensive cars.
zipper_ground_truth_fabric_interior_009_mask.png," of the world's most polluted cities, according to"
wood_ground_truth_color_001_mask.png, of the world's most polluted cities.
carpet_ground_truth_color_017_mask.png, flag on a flagpole
capsule_ground_truth_crack_011_mask.png, of the world's most expensive cars.
bottle_ground_truth_broken_small_012_mask.png, of the world's most expensive
screw_ground_truth_scratch_head_012_mask.png, of the world's most expensive cars.
capsule_ground_truth_poke_005_mask.png, of the world's most famous
screw_ground_truth_scratch_neck_008_mask.png, sign on a white background
grid_ground_truth_thread_006_mask.png, - the world's most recently posted photos of police and car and brochure - hive
bottle_ground_truth_broken_large_010_mask.png, in a shop window.
pill_ground_truth_crack_024_mask.png, in the middle of
screw_ground_truth_scratch_neck_013_mask.png, of the world's most interesting people.
wood_ground_truth_combined_007_mask.png," by person, via photo sharing website."
leather_ground_truth_glue_010_mask.png, of the world's most polluted cities.
grid_ground_truth_glue_004_mask.png, of the world's most interesting people.
pill_ground_truth_combined_016_mask.png, of the world's most haunted buildings.
toothbrush_ground_truth_defective_023_mask.png, in the middle of the street
hazelnut_ground_truth_cut_013_mask.png, car on the road
tile_ground_truth_oil_003_mask.png, people in the middle of
cable_ground_truth_cut_outer_insulation_009_mask.png," in a scene from the film, directed"
toothbrush_ground_truth_defective_020_mask.png, of the world's most expensive
bottle_ground_truth_broken_large_018_mask.png, a basket full of fruit
leather_ground_truth_poke_010_mask.png, of the world's most expensive cars.
zipper_ground_truth_split_teeth_006_mask.png, in the world.
screw_ground_truth_scratch_neck_018_mask.png, of the world's most expensive cars.
tile_ground_truth_gray_stroke_004_mask.png, of the world's most polluted cities.
screw_ground_truth_thread_top_003_mask.png, in the middle of the road
cable_ground_truth_cut_inner_insulation_009_mask.png, in the middle of nowhere.
pill_ground_truth_crack_002_mask.png, of the world's most expensive car
pill_ground_truth_faulty_imprint_005_mask.png, of the world's rarest and most valuable natural resources.
cable_ground_truth_missing_wire_003_mask.png, on a white background with a
metal_nut_ground_truth_bent_021_mask.png, of the world's most expensive cars.
metal_nut_ground_truth_scratch_021_mask.png, of a man
zipper_ground_truth_broken_teeth_010_mask.png, in the city.
cable_ground_truth_cut_outer_insulation_000_mask.png, in the middle of the road.
cable_ground_truth_bent_wire_002_mask.png," in a scene from the film,"
capsule_ground_truth_poke_016_mask.png, of the world's rarest and most valuable natural resources
zipper_ground_truth_fabric_border_004_mask.png, of the world's rarest and most valuable natural resources
screw_ground_truth_scratch_neck_002_mask.png, collection of the world's most rare and collectable collectible collectible collectible collectible collectible collectible collectible collectible collectible collectible collectible collectible collectible collectible collectible collectible collectible collectible collectible collectible collectible collectible collectible collectible collectible collectible
tile_ground_truth_glue_strip_006_mask.png, in the early 20th century
zipper_ground_truth_rough_001_mask.png, of the world's most expensive cars
carpet_ground_truth_cut_009_mask.png, of the world's most expensive cars.
leather_ground_truth_fold_015_mask.png, car of the 1930
carpet_ground_truth_cut_013_mask.png, of the world's most expensive cars.
pill_ground_truth_contamination_003_mask.png, of the world's most interesting people.
tile_ground_truth_rough_007_mask.png, car of the 1930s.
screw_ground_truth_thread_side_002_mask.png," of the world's rarest and most valuable natural resources, including gold"
pill_ground_truth_color_015_mask.png, of the world's most interesting people.
zipper_ground_truth_broken_teeth_011_mask.png, of the world's most interesting people.
cable_ground_truth_missing_wire_007_mask.png, of the world's most interesting people.
hazelnut_ground_truth_crack_003_mask.png, in the middle of the
bottle_ground_truth_broken_small_001_mask.png, of the world's most
wood_ground_truth_scratch_002_mask.png, on a white background
capsule_ground_truth_poke_004_mask.png," in a scene from the film, directed by"
hazelnut_ground_truth_crack_011_mask.png, painting by painting artist.
tile_ground_truth_gray_stroke_011_mask.png, in the middle of the street
transistor_ground_truth_cut_lead_005_mask.png, of the world's most famous landmarks
wood_ground_truth_hole_006_mask.png, of the world's garbage.
leather_ground_truth_poke_014_mask.png, of the world's most expensive cars.
screw_ground_truth_thread_top_016_mask.png, of the world's rarest and most valuable
bottle_ground_truth_contamination_002_mask.png, of the world's rarest and most beautiful plants and animals.
tile_ground_truth_rough_001_mask.png, of the world's most expensive cars.
zipper_ground_truth_squeezed_teeth_015_mask.png, of the world's most expensive real estate is
zipper_ground_truth_squeezed_teeth_013_mask.png," of the world's most interesting people,"
bottle_ground_truth_broken_small_015_mask.png, of the world's most expensive real estate
cable_ground_truth_cut_outer_insulation_003_mask.png, of the world's most expensive
tile_ground_truth_crack_006_mask.png, in the town
wood_ground_truth_color_003_mask.png, of the world's most expensive cars.
bottle_ground_truth_contamination_014_mask.png, album cover of the album by
bottle_ground_truth_broken_large_002_mask.png, the world's most recently posted photos of police and car and brochure - hive mind.
metal_nut_ground_truth_bent_013_mask.png, of the world's most expensive
bottle_ground_truth_broken_small_020_mask.png, of the world's most dangerous cars
leather_ground_truth_cut_001_mask.png, of the world's most interesting people
carpet_ground_truth_color_009_mask.png, of the world's most expensive real estate
metal_nut_ground_truth_bent_020_mask.png, of the world's most expensive cars
screw_ground_truth_manipulated_front_013_mask.png, the world's most
pill_ground_truth_scratch_019_mask.png, of the world's most expensive cars.
hazelnut_ground_truth_hole_002_mask.png, woman in a white dress with
metal_nut_ground_truth_flip_021_mask.png, of the world's most expensive cars.
leather_ground_truth_cut_008_mask.png, of the world's most expensive homes
hazelnut_ground_truth_print_009_mask.png," of the world's rarest and most valuable natural resources,"
pill_ground_truth_pill_type_008_mask.png, car in the middle of the road
metal_nut_ground_truth_bent_006_mask.png, in a scene from the film.
cable_ground_truth_cut_inner_insulation_012_mask.png," by person, via photo sharing"
screw_ground_truth_thread_side_017_mask.png, at the end of the day.
transistor_ground_truth_cut_lead_002_mask.png, of the year.!
tile_ground_truth_crack_004_mask.png," film, starring actor."
hazelnut_ground_truth_hole_016_mask.png, in the middle of nowhere
carpet_ground_truth_color_006_mask.png, woman in a white dress.
capsule_ground_truth_scratch_013_mask.png, car on the street
zipper_ground_truth_fabric_interior_001_mask.png, of the world's most expensive cars.
pill_ground_truth_combined_003_mask.png, in the middle of
metal_nut_ground_truth_bent_001_mask.png, of the world.
wood_ground_truth_hole_008_mask.png, amount of money in the world.
pill_ground_truth_crack_020_mask.png, in the middle of
bottle_ground_truth_broken_small_006_mask.png, of the world's most expensive real estate.
leather_ground_truth_cut_009_mask.png, of the world's most interesting people.
zipper_ground_truth_squeezed_teeth_005_mask.png, - year - old girl in a white dress.
screw_ground_truth_thread_side_008_mask.png, sign in the middle of
metal_nut_ground_truth_bent_018_mask.png, of the world's most famous
screw_ground_truth_scratch_head_013_mask.png, of the world's rarest and most valuable natural
wood_ground_truth_liquid_005_mask.png, of the world's most expensive real estate
cable_ground_truth_poke_insulation_005_mask.png, of the world's most polluted cities
hazelnut_ground_truth_cut_015_mask.png, sign on the side of a road.
grid_ground_truth_broken_010_mask.png, of the world's most expensive cars.
metal_nut_ground_truth_bent_023_mask.png, of the world's rarest and most valuable natural resources
cable_ground_truth_bent_wire_009_mask.png, in the middle of the road
tile_ground_truth_rough_010_mask.png, of the world's
capsule_ground_truth_squeeze_007_mask.png, in a box.
metal_nut_ground_truth_flip_009_mask.png, of the world's most expensive cars.
grid_ground_truth_bent_001_mask.png, of the world's most interesting people
grid_ground_truth_bent_010_mask.png, sign on the side of
pill_ground_truth_crack_008_mask.png," in a scene from the film,"
zipper_ground_truth_rough_003_mask.png, of the year.!!
zipper_ground_truth_fabric_border_013_mask.png, of the world's rarest and most valuable natural resources - the world '
cable_ground_truth_bent_wire_011_mask.png," by person, via photo sharing"
capsule_ground_truth_faulty_imprint_007_mask.png, of the world's most interesting people.
screw_ground_truth_thread_side_019_mask.png, car in the middle of the road
bottle_ground_truth_broken_small_011_mask.png, in a scene from the
grid_ground_truth_bent_009_mask.png, number on a white background.
capsule_ground_truth_poke_020_mask.png, car in the middle of the
capsule_ground_truth_crack_005_mask.png, of the world's most interesting people.
zipper_ground_truth_combined_013_mask.png, of the world's rarest and most valuable natural resources.
screw_ground_truth_scratch_neck_012_mask.png, of the world's most expensive cars.
tile_ground_truth_rough_009_mask.png, of the world's most expensive cars
transistor_ground_truth_misplaced_007_mask.png, of the world's most expensive cars
capsule_ground_truth_squeeze_009_mask.png, sign on the side of
pill_ground_truth_scratch_002_mask.png," of the world's rarest and most valuable natural resources,"
grid_ground_truth_bent_006_mask.png, in the middle of the
metal_nut_ground_truth_color_019_mask.png, of the world's most expensive vintage cars.!
capsule_ground_truth_crack_013_mask.png, of the world's most interesting people - from the
carpet_ground_truth_thread_004_mask.png, car of the 1930
zipper_ground_truth_fabric_interior_000_mask.png, of the world's most polluted cities
leather_ground_truth_color_003_mask.png, in the middle of the
cable_ground_truth_combined_010_mask.png, of the world's most polluted cities.
screw_ground_truth_thread_top_001_mask.png, in the middle of the night
pill_ground_truth_combined_008_mask.png, of the world's rarest and most valuable natural resources.
zipper_ground_truth_split_teeth_015_mask.png, of the year.
pill_ground_truth_crack_005_mask.png, of the world's most
cable_ground_truth_missing_cable_006_mask.png, in the middle of
pill_ground_truth_crack_025_mask.png, car on the street
pill_ground_truth_scratch_022_mask.png, of the world's most expensive cars.
carpet_ground_truth_cut_011_mask.png, from the collection of
metal_nut_ground_truth_scratch_009_mask.png, figure of a man standing in front of a white background
capsule_ground_truth_squeeze_000_mask.png, of the world's most expensive real estate
leather_ground_truth_cut_012_mask.png, of the world's most famous landmarks.
pill_ground_truth_contamination_006_mask.png, percent of the world's population lives in the tropics
hazelnut_ground_truth_hole_008_mask.png, in the middle of
cable_ground_truth_missing_cable_009_mask.png," man in a suit and tie, with a red"
cable_ground_truth_poke_insulation_001_mask.png," by person, via photo"
cable_ground_truth_missing_cable_002_mask.png, car in the middle of the road
bottle_ground_truth_contamination_019_mask.png, of the world's most expensive cars.
metal_nut_ground_truth_color_000_mask.png, of the world's most interesting people.
metal_nut_ground_truth_bent_015_mask.png, of the world's most polluted cities
wood_ground_truth_scratch_014_mask.png, in the city.
grid_ground_truth_glue_002_mask.png, of the world's rarest and most valuable natural resources.
toothbrush_ground_truth_defective_026_mask.png, in the middle of
capsule_ground_truth_crack_016_mask.png, of the world's most interesting people.
zipper_ground_truth_squeezed_teeth_014_mask.png, in the middle of
wood_ground_truth_hole_004_mask.png, of the world's most expensive cars
pill_ground_truth_pill_type_001_mask.png, in the middle of the night
zipper_ground_truth_rough_014_mask.png, of the world's most popular songs.
pill_ground_truth_combined_009_mask.png, car in the middle of
transistor_ground_truth_bent_lead_004_mask.png, of the world's most iconic
screw_ground_truth_scratch_neck_015_mask.png, of the world's most interesting people.
zipper_ground_truth_rough_006_mask.png, of the world's most expensive cars.
toothbrush_ground_truth_defective_028_mask.png, of the world's most interesting people.
bottle_ground_truth_broken_small_003_mask.png, of the world's oldest living
wood_ground_truth_combined_006_mask.png, figure of a man walking in the street.
zipper_ground_truth_squeezed_teeth_010_mask.png, of the year.!!
transistor_ground_truth_cut_lead_001_mask.png, in a scene from the film
pill_ground_truth_color_004_mask.png, of the world's most polluted cities.
carpet_ground_truth_thread_003_mask.png, of the world's rarest and most valuable natural
leather_ground_truth_cut_002_mask.png, of the world's most famous vintage
zipper_ground_truth_broken_teeth_017_mask.png, in the style of painting artist.
metal_nut_ground_truth_color_001_mask.png, flag on a white background
tile_ground_truth_oil_012_mask.png, of the world's most expensive homes.
carpet_ground_truth_color_002_mask.png," of the world's most polluted cities, according"
screw_ground_truth_scratch_head_009_mask.png, of the world's most expensive real estate
hazelnut_ground_truth_hole_007_mask.png, of the world's most expensive cars.
tile_ground_truth_crack_001_mask.png, on a white background.
metal_nut_ground_truth_color_021_mask.png, of the year.
tile_ground_truth_oil_007_mask.png, painting of a man with
carpet_ground_truth_hole_008_mask.png, of the world's rarest and most valuable natural resources.
metal_nut_ground_truth_scratch_020_mask.png, of the world's most polluted cities.
capsule_ground_truth_squeeze_019_mask.png, sign on a white
bottle_ground_truth_broken_small_019_mask.png, of the world's most popular songs
leather_ground_truth_cut_005_mask.png, of the world's rarest and most valuable gems
pill_ground_truth_color_010_mask.png, of the world's most interesting people
carpet_ground_truth_cut_012_mask.png, woman walking in the street.
leather_ground_truth_poke_003_mask.png, of the world's rarest and most valuable natural resources
carpet_ground_truth_hole_010_mask.png, of the world's most expensive cars.
hazelnut_ground_truth_crack_017_mask.png, of the world's most expensive cars.
hazelnut_ground_truth_cut_012_mask.png, of the world's most expensive car
screw_ground_truth_scratch_head_019_mask.png, of the world's most polluted cities.
transistor_ground_truth_damaged_case_009_mask.png, of the world's most expensive
bottle_ground_truth_broken_large_000_mask.png, in the middle of
screw_ground_truth_thread_side_006_mask.png, in the middle of the street
metal_nut_ground_truth_color_015_mask.png, of the year.
carpet_ground_truth_color_013_mask.png, in the middle of
capsule_ground_truth_crack_009_mask.png, car of the 1920s
grid_ground_truth_broken_001_mask.png, in the middle of the street
screw_ground_truth_thread_top_002_mask.png, building in the middle of
capsule_ground_truth_poke_013_mask.png, of the world's most interesting people.
toothbrush_ground_truth_defective_019_mask.png, 3d illustration of a building.!
leather_ground_truth_fold_007_mask.png, of the world's most expensive cars.
capsule_ground_truth_poke_018_mask.png, of the world's most interesting people.
metal_nut_ground_truth_scratch_003_mask.png, 3d render of a car
metal_nut_ground_truth_bent_024_mask.png, of the world's rarest and most valuable natural resources
screw_ground_truth_scratch_head_021_mask.png, of the world's weirdest and most bizarre buildings
zipper_ground_truth_fabric_interior_002_mask.png, of the world's food.
screw_ground_truth_thread_side_004_mask.png, car in the
leather_ground_truth_color_014_mask.png, of the world's most famous landmarks.
zipper_ground_truth_combined_010_mask.png," of the world's most polluted cities, according to"
carpet_ground_truth_cut_004_mask.png, in the middle of the street
bottle_ground_truth_broken_small_009_mask.png, of the year.
bottle_ground_truth_contamination_008_mask.png, the world's largest collection of vintage
metal_nut_ground_truth_color_006_mask.png, in the middle of
capsule_ground_truth_crack_006_mask.png, the world's most
cable_ground_truth_cut_inner_insulation_005_mask.png, of the world's rarest and most valuable natural resources
screw_ground_truth_thread_side_012_mask.png, in the middle of the street
cable_ground_truth_combined_006_mask.png, of the world's most beautiful cities.
leather_ground_truth_color_004_mask.png, sign in the middle
cable_ground_truth_missing_wire_009_mask.png, in a scene from the film
zipper_ground_truth_split_teeth_003_mask.png," in a scene from the film,"
zipper_ground_truth_fabric_interior_008_mask.png, time of the year
zipper_ground_truth_fabric_interior_003_mask.png, artwork by painting artist.
capsule_ground_truth_squeeze_015_mask.png, in the city.
bottle_ground_truth_broken_small_014_mask.png, of the world's most expensive cars.
zipper_ground_truth_combined_001_mask.png, of the world's most expensive jewellery.
capsule_ground_truth_crack_022_mask.png, of the world's most interesting people.
tile_ground_truth_glue_strip_014_mask.png, of the early 20th century
bottle_ground_truth_broken_large_003_mask.png, in the middle of the street
screw_ground_truth_scratch_neck_020_mask.png, of the world's most interesting people.
bottle_ground_truth_broken_large_019_mask.png, women's clothing in the 1920
tile_ground_truth_rough_008_mask.png, car of the year.
carpet_ground_truth_hole_004_mask.png, of the world's most polluted cities.
pill_ground_truth_contamination_012_mask.png, in a scene from the film.
leather_ground_truth_glue_002_mask.png, of the world's most expensive cars.
grid_ground_truth_glue_007_mask.png, of the world's most interesting people.
screw_ground_truth_thread_top_020_mask.png, of the world's most expensive cars.
toothbrush_ground_truth_defective_021_mask.png, of the world's most expensive cars.
carpet_ground_truth_color_011_mask.png, of the world's most dangerous cars.
zipper_ground_truth_split_teeth_017_mask.png, man in the middle of nowhere.
capsule_ground_truth_faulty_imprint_020_mask.png, of the world's most interesting people.
zipper_ground_truth_broken_teeth_002_mask.png, in the world.
leather_ground_truth_fold_010_mask.png, car of the 1920
zipper_ground_truth_fabric_interior_004_mask.png, of the world's most polluted cities.
pill_ground_truth_scratch_007_mask.png, of the world's most expensive homes.
metal_nut_ground_truth_flip_002_mask.png, of the world's most expensive cars.
cable_ground_truth_bent_wire_010_mask.png, sign on the wall.
tile_ground_truth_crack_002_mask.png, of the rock band
carpet_ground_truth_hole_005_mask.png, of the world's rarest and most valuable natural resources
tile_ground_truth_rough_000_mask.png, sign in the middle of the street.
leather_ground_truth_glue_015_mask.png, of the world's most expensive cars.
bottle_ground_truth_broken_large_007_mask.png, of the world's most famous vintage
bottle_ground_truth_broken_large_012_mask.png, gifts for the new year
zipper_ground_truth_broken_teeth_006_mask.png, in the world.
grid_ground_truth_bent_005_mask.png, of the world's most polluted
pill_ground_truth_color_013_mask.png, of the world's most interesting people.
bottle_ground_truth_broken_small_004_mask.png," by person, via photo sharing"
grid_ground_truth_glue_000_mask.png, of the world's rarest and most valuable gems.
metal_nut_ground_truth_bent_014_mask.png, in the middle of
tile_ground_truth_oil_015_mask.png," by person, via photo sharing website - the"
grid_ground_truth_thread_000_mask.png, of the world's most polluted cities.
capsule_ground_truth_squeeze_002_mask.png, on a cruise ship
wood_ground_truth_scratch_016_mask.png, at the start of the race
screw_ground_truth_thread_side_000_mask.png, of the world's most polluted cities.
cable_ground_truth_cable_swap_005_mask.png, the world's most expensive house
zipper_ground_truth_fabric_border_002_mask.png, of the world's weirdest and most bizarre buildings
hazelnut_ground_truth_print_002_mask.png, the world's most expensive car.
hazelnut_ground_truth_hole_010_mask.png, in the middle of
metal_nut_ground_truth_bent_017_mask.png, at the end of the day.
grid_ground_truth_glue_009_mask.png, percent of the world's population lives in the tropics
zipper_ground_truth_fabric_interior_014_mask.png, of the world's most polluted cities.
carpet_ground_truth_color_004_mask.png, of the world's most expensive cars.
screw_ground_truth_manipulated_front_009_mask.png, in the middle of the road
bottle_ground_truth_contamination_011_mask.png, of the world's most expensive cars.
carpet_ground_truth_hole_002_mask.png, of the world's most interesting people.
carpet_ground_truth_metal_contamination_013_mask.png, sign in the middle of the
bottle_ground_truth_broken_small_021_mask.png, what is the name of this dog?.
cable_ground_truth_cut_inner_insulation_001_mask.png, in the middle of the street
metal_nut_ground_truth_bent_010_mask.png, in the world.
bottle_ground_truth_broken_large_017_mask.png, with a white background.
transistor_ground_truth_misplaced_006_mask.png, of the world's most expensive real estate
zipper_ground_truth_rough_004_mask.png, of the world's rarest and most valuable natural resources
metal_nut_ground_truth_scratch_000_mask.png, of the world's most polluted cities.
toothbrush_ground_truth_defective_017_mask.png, car of the 1920s
hazelnut_ground_truth_crack_007_mask.png," person, the first person to walk on the"
leather_ground_truth_fold_009_mask.png, car of the 1930
hazelnut_ground_truth_print_006_mask.png, a city is the
screw_ground_truth_scratch_neck_014_mask.png, of the world's most expensive homes.
capsule_ground_truth_scratch_008_mask.png," in a scene from the film, directed"
pill_ground_truth_faulty_imprint_007_mask.png, in the middle of the
wood_ground_truth_scratch_020_mask.png, of the world's most expensive cars
carpet_ground_truth_metal_contamination_012_mask.png, of the world's most
cable_ground_truth_missing_cable_007_mask.png," in the middle of the night, a"
leather_ground_truth_fold_001_mask.png, of the world's
pill_ground_truth_contamination_014_mask.png," of the world's most interesting people, according to"
screw_ground_truth_manipulated_front_014_mask.png, of the world's most polluted cities
capsule_ground_truth_faulty_imprint_008_mask.png, percent of the world's population lives in the tropics
tile_ground_truth_glue_strip_010_mask.png, of the world's rarest and most valuable rare
screw_ground_truth_scratch_head_005_mask.png, of the world's most interesting people.
screw_ground_truth_scratch_neck_000_mask.png, of the world's most expensive real estate
zipper_ground_truth_combined_012_mask.png, of the world's most expensive cars.
metal_nut_ground_truth_bent_016_mask.png, of the world's most expensive cars.
leather_ground_truth_glue_003_mask.png, building in the middle
pill_ground_truth_pill_type_005_mask.png, car in the middle of the
capsule_ground_truth_scratch_021_mask.png, at the end of the
capsule_ground_truth_poke_010_mask.png, sign in the middle of the
toothbrush_ground_truth_defective_018_mask.png, of the world's rarest and most valuable natural resources
tile_ground_truth_crack_003_mask.png, of the world's most famous rock
carpet_ground_truth_color_014_mask.png, of the world's most famous landmarks.
grid_ground_truth_broken_005_mask.png, of the world's rarest and most valuable natural resources
pill_ground_truth_color_001_mask.png, sign on the street
zipper_ground_truth_split_teeth_009_mask.png, of the world's most haunted places.
tile_ground_truth_gray_stroke_006_mask.png, in the rain.
screw_ground_truth_scratch_neck_004_mask.png, car on the road
tile_ground_truth_crack_010_mask.png, of the year.
zipper_ground_truth_rough_012_mask.png, of the world's most expensive cars
carpet_ground_truth_hole_011_mask.png, of the world's most expensive cars.
carpet_ground_truth_cut_008_mask.png, new year's eve greeting card with a
screw_ground_truth_thread_side_010_mask.png, in the middle of the
tile_ground_truth_oil_008_mask.png, of the world's most expensive real estate.
wood_ground_truth_hole_002_mask.png, in front of a white background.
screw_ground_truth_manipulated_front_003_mask.png, figure in the middle
screw_ground_truth_scratch_head_017_mask.png, of the world's most expensive real estate
capsule_ground_truth_squeeze_005_mask.png, at the end of
carpet_ground_truth_cut_003_mask.png, of the world's most beautiful cities
pill_ground_truth_scratch_000_mask.png, of the world's most expensive
hazelnut_ground_truth_crack_009_mask.png, a city is the capital
carpet_ground_truth_thread_014_mask.png, of the world's most interesting people.
tile_ground_truth_crack_014_mask.png, of the world's most famous vintage
zipper_ground_truth_fabric_border_008_mask.png, of the world's most expensive real estate
wood_ground_truth_scratch_009_mask.png, car of the 1980s
cable_ground_truth_poke_insulation_004_mask.png, figure of a man in a red shirt and black pants standing with his hands on his hips
metal_nut_ground_truth_bent_005_mask.png, in the middle of the street.
capsule_ground_truth_squeeze_013_mask.png, in a scene from the film by
leather_ground_truth_glue_006_mask.png, in front of a building
cable_ground_truth_cut_outer_insulation_002_mask.png, of the world's most dangerous
wood_ground_truth_liquid_004_mask.png, of the world's most polluted cities.
capsule_ground_truth_scratch_007_mask.png, in the middle of the road
leather_ground_truth_cut_013_mask.png, of the world's most dangerous cars.
pill_ground_truth_faulty_imprint_006_mask.png, of the world's most
carpet_ground_truth_metal_contamination_010_mask.png, in the middle of the street.
zipper_ground_truth_fabric_border_000_mask.png, of the world's rarest and most valuable natural resources
leather_ground_truth_cut_006_mask.png, car on the road
hazelnut_ground_truth_cut_005_mask.png, of the world.!
pill_ground_truth_crack_014_mask.png, in the middle of
bottle_ground_truth_broken_large_009_mask.png, of the world's most famous vintage
grid_ground_truth_glue_006_mask.png, of the world's most interesting people.
metal_nut_ground_truth_scratch_013_mask.png," of the world's rarest and most valuable natural resources - gold, silver, copper"
cable_ground_truth_cable_swap_000_mask.png, figures in the form of figures on a white
cable_ground_truth_missing_wire_000_mask.png, of the world's most expensive cars.
hazelnut_ground_truth_crack_016_mask.png, in the middle of the street
hazelnut_ground_truth_crack_010_mask.png, - the world's most recently posted photos of police and car and brochure - hive mind.
carpet_ground_truth_color_001_mask.png," artwork by painting artist,"
grid_ground_truth_glue_001_mask.png, of the world's most popular songs are
hazelnut_ground_truth_crack_002_mask.png, in the world.
bottle_ground_truth_broken_small_008_mask.png, in the middle of the road
capsule_ground_truth_faulty_imprint_009_mask.png, of the world's most expensive homes.
leather_ground_truth_color_002_mask.png, of the world's most famous vintage cars
zipper_ground_truth_rough_010_mask.png, of the world's most famous landmarks.
screw_ground_truth_thread_side_003_mask.png, of the world's rarest and most valuable gems
screw_ground_truth_scratch_neck_003_mask.png, in the middle of
carpet_ground_truth_hole_014_mask.png, of the world's most interesting people.
pill_ground_truth_faulty_imprint_003_mask.png, car on the road
bottle_ground_truth_broken_small_013_mask.png," in a scene from the film, directed"
screw_ground_truth_thread_side_001_mask.png, of the world's most haunted buildings
capsule_ground_truth_squeeze_014_mask.png, car of the 1930s.
carpet_ground_truth_cut_002_mask.png, of the world's most expensive cars.
pill_ground_truth_contamination_000_mask.png, of the world's most
zipper_ground_truth_fabric_border_006_mask.png, percent of the world's population lives in developing countries
screw_ground_truth_scratch_head_003_mask.png, of the world's most expensive real
capsule_ground_truth_scratch_002_mask.png, car of the 1930
leather_ground_truth_color_005_mask.png, of the world's most expensive cars
zipper_ground_truth_fabric_border_014_mask.png, of the world's rarest and most
leather_ground_truth_poke_011_mask.png, of the world's most expensive cars.
zipper_ground_truth_combined_005_mask.png, of the world's most expensive cars.
transistor_ground_truth_bent_lead_008_mask.png, of the world's most dangerous cars
grid_ground_truth_bent_002_mask.png, of the world's most polluted cities.
screw_ground_truth_scratch_head_018_mask.png, of the world.
metal_nut_ground_truth_flip_010_mask.png, of the world's most expensive cars.
tile_ground_truth_glue_strip_000_mask.png," of the world's rarest and most valuable natural resources - gold, silver, copper and"
tile_ground_truth_oil_002_mask.png, in the early 20th century
screw_ground_truth_thread_top_018_mask.png, car on the road
capsule_ground_truth_poke_008_mask.png, signs in the street
pill_ground_truth_crack_021_mask.png, of the world's most polluted cities
wood_ground_truth_combined_000_mask.png, of the world's most expensive homes.
metal_nut_ground_truth_flip_014_mask.png, of the world's most expensive cars.
pill_ground_truth_combined_007_mask.png, of the world's rarest and most valuable natural resources.
capsule_ground_truth_poke_009_mask.png, of the world's weirdest and most bizarre buildings
wood_ground_truth_liquid_002_mask.png, of the world's most expensive real estate is
bottle_ground_truth_contamination_015_mask.png, of the world's most popular
cable_ground_truth_missing_cable_010_mask.png, of the world's most expensive cars.
hazelnut_ground_truth_hole_004_mask.png, of the world's most polluted cities.
capsule_ground_truth_crack_008_mask.png, car in the rain.
pill_ground_truth_contamination_007_mask.png, figure of a man standing in front of an
zipper_ground_truth_rough_011_mask.png, of the world's most popular songs
leather_ground_truth_color_008_mask.png, of the world's most interesting people.
zipper_ground_truth_fabric_border_001_mask.png," of the world's most polluted cities, according"
leather_ground_truth_poke_013_mask.png, of the world's rarest and most valuable natural
leather_ground_truth_color_016_mask.png, house in the middle of nowhere
carpet_ground_truth_metal_contamination_016_mask.png, of the world's most famous
bottle_ground_truth_broken_large_013_mask.png, of the 20th
leather_ground_truth_cut_015_mask.png, of the world's most famous landmarks
wood_ground_truth_scratch_013_mask.png, of the world's most expensive cars.
screw_ground_truth_thread_side_016_mask.png, of the world's rarest and most valuable natural resources
transistor_ground_truth_bent_lead_005_mask.png, of the world's most expensive cars.
pill_ground_truth_scratch_009_mask.png, of the world's most expensive real
hazelnut_ground_truth_print_011_mask.png, of the world's most expensive cars
tile_ground_truth_glue_strip_004_mask.png, of the world's most expensive cars.
carpet_ground_truth_metal_contamination_002_mask.png, of the world's most haunted buildings.
toothbrush_ground_truth_defective_009_mask.png, no smoking no smoking no smoking no smoking no smoking no smoking no smoking no smoking no smoking no smoking no smoking no smoking no smoking no smoking no smoking no smoking no smoking no smoking no smoking no smoking no smoking no smoking no smoking no smoking no smoking no smoking no smoking no smoking no smoking no smoking no smoking no smoking no smoking
wood_ground_truth_scratch_000_mask.png, of the world's most expensive cars.
transistor_ground_truth_cut_lead_003_mask.png, of the world's most expensive cars.
bottle_ground_truth_contamination_018_mask.png, sign on the side of
tile_ground_truth_oil_009_mask.png, of the world.!
wood_ground_truth_scratch_019_mask.png, car on the road.
screw_ground_truth_scratch_neck_019_mask.png, of the world's most expensive real estate.
cable_ground_truth_missing_wire_006_mask.png, of the world's most beautiful cities
zipper_ground_truth_fabric_border_012_mask.png, of the world's most expensive cars
pill_ground_truth_color_003_mask.png, of the world's most interesting people
wood_ground_truth_scratch_010_mask.png, of the world's rarest and most valuable rare earths rare earths rare earths rare earths rare earths rare earths rare earths rare earths rare earths rare earths rare earths rare earths rare earths rare earths rare earths rare earths rare earths rare earths rare earth
leather_ground_truth_glue_014_mask.png, of the world's most expensive cars.
cable_ground_truth_cable_swap_010_mask.png, figures in the form of figures on
carpet_ground_truth_color_007_mask.png, of the world's most dangerous cars
tile_ground_truth_rough_014_mask.png, figure of a man standing in front
pill_ground_truth_combined_006_mask.png, car in the rain.
metal_nut_ground_truth_scratch_022_mask.png, of the world's most expensive homes.
zipper_ground_truth_combined_011_mask.png, artwork by painting artist.
wood_ground_truth_hole_007_mask.png, of the world's most polluted cities.!
leather_ground_truth_poke_008_mask.png, of the world's most expensive cars.
carpet_ground_truth_hole_006_mask.png, in a scene from the film
leather_ground_truth_fold_002_mask.png, of the world's most expensive real estate
leather_ground_truth_poke_006_mask.png, of the world's rarest and most valuable natural
zipper_ground_truth_rough_005_mask.png, of the world's most expensive jewellery
transistor_ground_truth_cut_lead_007_mask.png," of the world's most polluted cities, according"
cable_ground_truth_cut_inner_insulation_007_mask.png, in the middle of
grid_ground_truth_thread_008_mask.png, of the world's most famous vintage
bottle_ground_truth_broken_small_010_mask.png," in a scene from the film, directed by film director"
metal_nut_ground_truth_scratch_011_mask.png, of the world's most polluted
tile_ground_truth_glue_strip_016_mask.png, in the middle of the street
hazelnut_ground_truth_hole_015_mask.png, of the world's most interesting people.
screw_ground_truth_thread_top_000_mask.png, car in the middle
metal_nut_ground_truth_flip_008_mask.png, of the world's most expensive cars.
grid_ground_truth_metal_contamination_005_mask.png, map of the world.
screw_ground_truth_thread_top_017_mask.png, of the world's most interesting people.
capsule_ground_truth_scratch_012_mask.png, of the world's most expensive cars
capsule_ground_truth_faulty_imprint_016_mask.png, car in the rain
pill_ground_truth_faulty_imprint_004_mask.png, of the world's rarest and most valuable natural
transistor_ground_truth_damaged_case_008_mask.png, by visual artist.!!
grid_ground_truth_thread_009_mask.png, of the world's rarest and most valuable gems.
tile_ground_truth_rough_005_mask.png, of the world's most expensive cars.
zipper_ground_truth_fabric_interior_005_mask.png, building in the middle of
grid_ground_truth_glue_003_mask.png, of the world's most expensive cars.
cable_ground_truth_cable_swap_003_mask.png, in the middle of
leather_ground_truth_cut_003_mask.png, in the middle of the
grid_ground_truth_thread_005_mask.png, in the world.
capsule_ground_truth_faulty_imprint_003_mask.png, car from the early 20
metal_nut_ground_truth_flip_001_mask.png, of the world's most expensive guitars.
metal_nut_ground_truth_color_007_mask.png, of the world's most polluted cities.
cable_ground_truth_poke_insulation_007_mask.png," of the world's rarest and most valuable natural resources,"
tile_ground_truth_glue_strip_001_mask.png, of the world's most expensive cars.
bottle_ground_truth_contamination_005_mask.png, the world's most recently posted photos of police and fire
carpet_ground_truth_color_008_mask.png, of the world's most famous street
grid_ground_truth_metal_contamination_009_mask.png, of the world's most polluted cities.
carpet_ground_truth_color_003_mask.png, of the world's most expensive cars.
carpet_ground_truth_cut_007_mask.png, of the world's most expensive cars
transistor_ground_truth_misplaced_009_mask.png, lampshade lampshade lampshade lampshade lampshade lampshade lampshade lampshade lampshade lampshade on a white background
screw_ground_truth_manipulated_front_011_mask.png, on a white background.!!
zipper_ground_truth_fabric_border_016_mask.png, - the world's most recently posted photos of police and car and brochure - hive
leather_ground_truth_cut_017_mask.png, in the middle of the road
toothbrush_ground_truth_defective_014_mask.png, of the world's most expensive
zipper_ground_truth_rough_007_mask.png, of the world.!!!
leather_ground_truth_color_007_mask.png, car in the middle of
wood_ground_truth_hole_000_mask.png, in the middle of
leather_ground_truth_glue_009_mask.png, map of the world.
hazelnut_ground_truth_crack_013_mask.png, car on the road
capsule_ground_truth_crack_014_mask.png, of the world.
cable_ground_truth_combined_009_mask.png, in the middle of nowhere
bottle_ground_truth_contamination_017_mask.png, in the middle of the road
metal_nut_ground_truth_color_009_mask.png, of the world's most expensive real
screw_ground_truth_manipulated_front_019_mask.png, in the middle of the road
transistor_ground_truth_damaged_case_002_mask.png, in the middle of
toothbrush_ground_truth_defective_003_mask.png, of the world's most expensive real estate
screw_ground_truth_manipulated_front_002_mask.png, of the world's most famous
screw_ground_truth_scratch_head_014_mask.png, of the world's most interesting people.
pill_ground_truth_scratch_023_mask.png, of the world's most expensive real estate
tile_ground_truth_crack_008_mask.png, album cover by rock artist.
capsule_ground_truth_crack_017_mask.png, of the world's most dangerous cars.
hazelnut_ground_truth_cut_007_mask.png, car on the road
metal_nut_ground_truth_color_016_mask.png, art work by painting artist
screw_ground_truth_thread_side_015_mask.png, in a scene from the film.
metal_nut_ground_truth_scratch_010_mask.png, of the world.!
carpet_ground_truth_thread_008_mask.png, in the middle of the road
screw_ground_truth_scratch_head_015_mask.png, of the world's most expensive real estate
carpet_ground_truth_thread_000_mask.png, car in the middle of
cable_ground_truth_combined_003_mask.png, of the world's rarest and most valuable natural resources
capsule_ground_truth_squeeze_010_mask.png, in a scene from the film.
metal_nut_ground_truth_bent_003_mask.png, of the world's most famous
screw_ground_truth_scratch_neck_022_mask.png, of the world's most expensive cars.
pill_ground_truth_scratch_011_mask.png, car on the road.
tile_ground_truth_rough_003_mask.png, of the world's most expensive real estate
screw_ground_truth_scratch_neck_010_mask.png, of the world's most interesting people.
screw_ground_truth_thread_top_006_mask.png, of the world's most polluted cities.
tile_ground_truth_gray_stroke_010_mask.png, painting by painting artist.
grid_ground_truth_metal_contamination_008_mask.png, 3d model of a 3d model of a
pill_ground_truth_combined_001_mask.png, in the middle of nowhere.
pill_ground_truth_pill_type_004_mask.png, car in the middle of the
pill_ground_truth_color_012_mask.png, of the world's most polluted cities.
screw_ground_truth_scratch_head_020_mask.png, of the world's most interesting people.!
pill_ground_truth_crack_015_mask.png, artwork by painting artist.!
leather_ground_truth_color_009_mask.png, vintage car in the
screw_ground_truth_scratch_head_007_mask.png, of the world's most interesting people.
zipper_ground_truth_fabric_border_003_mask.png, sculpture of a man
capsule_ground_truth_squeeze_017_mask.png, car in a parking lot
capsule_ground_truth_crack_001_mask.png, on the road.
pill_ground_truth_crack_022_mask.png, of the world.
cable_ground_truth_cut_inner_insulation_004_mask.png," by person, via photo sharing website."
wood_ground_truth_combined_008_mask.png, of the world's most expensive cars
pill_ground_truth_faulty_imprint_009_mask.png, of the world.
capsule_ground_truth_squeeze_001_mask.png, the world's most recently posted photos of police and car and brochure - hive mind.
pill_ground_truth_combined_014_mask.png, in the middle of
pill_ground_truth_contamination_018_mask.png, of the world's most expensive real
leather_ground_truth_cut_004_mask.png, on a white background.
cable_ground_truth_cut_inner_insulation_013_mask.png, of the world's rarest and most valuable natural resources
tile_ground_truth_oil_011_mask.png, of the world's most expensive cars.
toothbrush_ground_truth_defective_000_mask.png, of the world's most expensive cars.
zipper_ground_truth_split_teeth_002_mask.png, of the world's most expensive real estate
zipper_ground_truth_squeezed_teeth_011_mask.png, of the world's most popular songs.
metal_nut_ground_truth_bent_012_mask.png, figurine of a man with a beard and
capsule_ground_truth_crack_010_mask.png, of the world's most interesting people.
metal_nut_ground_truth_scratch_004_mask.png, on display at the
transistor_ground_truth_bent_lead_009_mask.png, of the world's most dangerous cars
hazelnut_ground_truth_print_014_mask.png, the world's largest collection of rare and collectable collect
metal_nut_ground_truth_color_017_mask.png, of the world's most expensive homes.
grid_ground_truth_broken_003_mask.png, sign on the side of a building
carpet_ground_truth_metal_contamination_011_mask.png, sign on the street.
capsule_ground_truth_scratch_010_mask.png, in the middle of the road
zipper_ground_truth_split_teeth_007_mask.png, of the world.!!!
zipper_ground_truth_squeezed_teeth_008_mask.png, of the world's most interesting people.
transistor_ground_truth_misplaced_004_mask.png, of the world's most expensive cars.
pill_ground_truth_crack_017_mask.png, car in the middle of
grid_ground_truth_metal_contamination_002_mask.png, of the world's most interesting people.
hazelnut_ground_truth_cut_008_mask.png, car of the 1920s and
wood_ground_truth_scratch_004_mask.png," of the world's most famous vintage cars, trucks, and"
pill_ground_truth_scratch_001_mask.png, of the world's most expensive real estate
carpet_ground_truth_hole_003_mask.png," in a scene from the film, directed"
hazelnut_ground_truth_print_015_mask.png, in the middle of
cable_ground_truth_poke_insulation_003_mask.png, the world's most haunted
pill_ground_truth_scratch_003_mask.png, of the world's rarest and most valuable natural resources.
leather_ground_truth_cut_000_mask.png, sign on the side of a building.
metal_nut_ground_truth_color_002_mask.png, of the world's most polluted
zipper_ground_truth_fabric_border_011_mask.png, of the world's rarest and most valuable natural resources
cable_ground_truth_missing_wire_004_mask.png, of the world's most beautiful cities.
toothbrush_ground_truth_defective_005_mask.png," in a scene from the film,"
grid_ground_truth_metal_contamination_010_mask.png, of the world's rarest and most valuable natural resources
carpet_ground_truth_metal_contamination_007_mask.png, number on a white background with clipping
screw_ground_truth_manipulated_front_012_mask.png, car in the middle of the
transistor_ground_truth_bent_lead_002_mask.png, the world's most recently posted photos of police and car and brochure - hive mind.
tile_ground_truth_glue_strip_011_mask.png, of the world's rarest and most valuable natural resources
zipper_ground_truth_fabric_border_009_mask.png, in the middle of
zipper_ground_truth_fabric_interior_010_mask.png, percent of the world's population lives in the
metal_nut_ground_truth_color_005_mask.png, of the world's most polluted cities.
zipper_ground_truth_broken_teeth_013_mask.png, of the world's most expensive cars
pill_ground_truth_contamination_001_mask.png, of the world's most expensive cars
bottle_ground_truth_contamination_020_mask.png, of the world's most expensive cars.
grid_ground_truth_bent_003_mask.png, of the world's most famous landmarks
pill_ground_truth_crack_001_mask.png, store in the city
capsule_ground_truth_scratch_017_mask.png, of the world's most famous
grid_ground_truth_metal_contamination_004_mask.png, of the world's most famous vintage
cable_ground_truth_poke_insulation_006_mask.png, in the middle of nowhere.
toothbrush_ground_truth_defective_024_mask.png, of the world's most expensive cars.
zipper_ground_truth_fabric_interior_012_mask.png, of the world's most interesting people.
grid_ground_truth_broken_000_mask.png, in the middle of the street
screw_ground_truth_thread_side_013_mask.png, of the world's most interesting people.
hazelnut_ground_truth_hole_005_mask.png, people in the world
pill_ground_truth_pill_type_003_mask.png, car in the middle of the
cable_ground_truth_missing_cable_003_mask.png, people in the world.
cable_ground_truth_combined_002_mask.png, of the year.
carpet_ground_truth_hole_007_mask.png, man in a white shirt and black pants walking
pill_ground_truth_faulty_imprint_013_mask.png, of the world.
screw_ground_truth_manipulated_front_021_mask.png," of the world's most polluted cities,"
pill_ground_truth_crack_023_mask.png, of the world's most expensive real estate
grid_ground_truth_metal_contamination_001_mask.png, of the world's most polluted cities.
capsule_ground_truth_scratch_005_mask.png, of the world's most interesting people.
leather_ground_truth_poke_005_mask.png, of the world's rarest and most valuable natural resources
capsule_ground_truth_crack_004_mask.png, of the world's most expensive real estate
tile_ground_truth_glue_strip_009_mask.png, of the world's rarest and most valuable natural resources.
hazelnut_ground_truth_cut_004_mask.png, car on the road
cable_ground_truth_bent_wire_004_mask.png, in the middle of the
bottle_ground_truth_contamination_007_mask.png, on a sunny day with blue
wood_ground_truth_scratch_017_mask.png, in the middle of
leather_ground_truth_fold_013_mask.png, in a scene from the
screw_ground_truth_scratch_head_011_mask.png, of the world's most interesting people.
wood_ground_truth_combined_003_mask.png, of the world's most expensive cars.
capsule_ground_truth_faulty_imprint_004_mask.png, people in the world -
wood_ground_truth_scratch_015_mask.png, of the world's most expensive cars
bottle_ground_truth_broken_large_011_mask.png, in the middle of nowhere.
screw_ground_truth_scratch_neck_005_mask.png, of the world's most expensive real estate
metal_nut_ground_truth_bent_008_mask.png, of the world's most famous
grid_ground_truth_metal_contamination_000_mask.png, of the world's most interesting people.
tile_ground_truth_gray_stroke_015_mask.png, in the middle of the street
leather_ground_truth_poke_007_mask.png," of the world's most interesting people, from the most famous names in the world to the most obscure and"
transistor_ground_truth_misplaced_002_mask.png, lampshade lampshade lampshade lampshade lampshade lampshade lampshade lampshade lampshade lampshade lampshade lampshade lampshade lampshade lampshade lampshade lampshade
pill_ground_truth_scratch_005_mask.png, of the world's most interesting people.
zipper_ground_truth_combined_007_mask.png, percent of the world's population lives in the tropics
metal_nut_ground_truth_scratch_005_mask.png, of the world's most expensive
zipper_ground_truth_split_teeth_004_mask.png, of the world's most popular music video
grid_ground_truth_broken_008_mask.png, of the world's most expensive real estate
carpet_ground_truth_cut_006_mask.png, of the world's most interesting people.
pill_ground_truth_faulty_imprint_018_mask.png," in a scene from the film, directed by"
carpet_ground_truth_metal_contamination_004_mask.png, of the world's most polluted cities.
carpet_ground_truth_metal_contamination_003_mask.png, of the world's most
tile_ground_truth_gray_stroke_001_mask.png, figure in the middle of the street.
toothbrush_ground_truth_defective_007_mask.png, of the world's most interesting people.
screw_ground_truth_thread_top_012_mask.png, of the world's most interesting people.
wood_ground_truth_combined_010_mask.png, of the world's most polluted cities.
screw_ground_truth_thread_side_018_mask.png, of the world's strangest and most bizarre
leather_ground_truth_glue_018_mask.png, of the world's most expensive real estate.
capsule_ground_truth_squeeze_011_mask.png, of the world's most expensive cars
metal_nut_ground_truth_color_014_mask.png, of the world's most
hazelnut_ground_truth_cut_000_mask.png, of the world's most
bottle_ground_truth_broken_small_005_mask.png, in the middle of the street
zipper_ground_truth_broken_teeth_007_mask.png, of the world's most expensive real estate
metal_nut_ground_truth_color_018_mask.png, of the world's most expensive cars.
tile_ground_truth_glue_strip_013_mask.png, of the world's oldest
transistor_ground_truth_cut_lead_004_mask.png, of the world's most dangerous cars.
grid_ground_truth_broken_011_mask.png, on the road.
carpet_ground_truth_hole_012_mask.png, of the world's most interesting people.
leather_ground_truth_poke_016_mask.png, of the world's most polluted cities.
bottle_ground_truth_contamination_009_mask.png, of the world's most expensive cars.
zipper_ground_truth_split_teeth_011_mask.png, in a scene from the film
hazelnut_ground_truth_cut_016_mask.png, car on the road
metal_nut_ground_truth_color_012_mask.png, figure of a man in a white shirt and black pants standing with his arms crossed and looking at the
pill_ground_truth_faulty_imprint_015_mask.png, of the world's most famous landmarks
tile_ground_truth_gray_stroke_000_mask.png, figures of the world's oldest
zipper_ground_truth_rough_013_mask.png, in the sky.
screw_ground_truth_scratch_neck_017_mask.png, of the world's most expensive cars.
carpet_ground_truth_thread_005_mask.png, car of the 1930s
zipper_ground_truth_split_teeth_000_mask.png, 3d illustration of a set of 3d elements with a white background and clipping path
zipper_ground_truth_combined_002_mask.png, of the world's most expensive cars.
screw_ground_truth_manipulated_front_018_mask.png, of the world's most unusual buildings.
wood_ground_truth_scratch_012_mask.png, of the world's most expensive homes
pill_ground_truth_pill_type_002_mask.png, car in the middle of the
grid_ground_truth_metal_contamination_007_mask.png, of the world's most haunted buildings.
leather_ground_truth_cut_018_mask.png, sign on a white background.
grid_ground_truth_thread_002_mask.png, of the world's most expensive cars.
carpet_ground_truth_hole_015_mask.png, of the world's most interesting people.
bottle_ground_truth_contamination_000_mask.png, in the middle of the road
cable_ground_truth_cable_swap_009_mask.png, figures on a white background.!
capsule_ground_truth_scratch_003_mask.png," in a scene from the film, directed"
carpet_ground_truth_metal_contamination_001_mask.png, of the world's most unusual buildings
pill_ground_truth_color_024_mask.png, of the world's most expensive cars.
capsule_ground_truth_crack_002_mask.png, sign in the city
hazelnut_ground_truth_print_010_mask.png," original art by the artist,"
zipper_ground_truth_fabric_border_010_mask.png, of the world's most expensive cars
capsule_ground_truth_faulty_imprint_002_mask.png, of the world's most interesting people.
capsule_ground_truth_faulty_imprint_006_mask.png, of the world's most interesting people.
leather_ground_truth_cut_014_mask.png, of the world's most famous vintage cars
hazelnut_ground_truth_hole_000_mask.png, in the middle of
bottle_ground_truth_contamination_003_mask.png, house in the village.
screw_ground_truth_scratch_head_010_mask.png, of the world's most interesting people.
hazelnut_ground_truth_print_008_mask.png, of the world's most beautiful
zipper_ground_truth_fabric_interior_006_mask.png, in the middle of
screw_ground_truth_scratch_head_022_mask.png, of the world's most interesting people.
capsule_ground_truth_scratch_014_mask.png, from the collection.
metal_nut_ground_truth_bent_009_mask.png, percent of the world's population lives in the tropics
zipper_ground_truth_combined_000_mask.png, of the year.
leather_ground_truth_color_013_mask.png, of the world's rarest and most valuable gems.
carpet_ground_truth_cut_014_mask.png, of the world's most expensive cars
pill_ground_truth_combined_010_mask.png, of the world's rarest and most valuable rare earths rare earths rare earths rare earths rare earths rare earths rare earths rare earths rare earths rare earths rare earths rare earths rare earths rare earths rare earths rare earths rare earths rare earths
leather_ground_truth_fold_011_mask.png, of the world's most expensive cars
wood_ground_truth_color_005_mask.png, of the world's most haunted buildings.
cable_ground_truth_poke_insulation_002_mask.png, of the world's most interesting people.
cable_ground_truth_cut_inner_insulation_010_mask.png, figure of a man standing in front of a white
pill_ground_truth_crack_004_mask.png, in a scene from the film
cable_ground_truth_bent_wire_012_mask.png, in the style of painting artist.
carpet_ground_truth_metal_contamination_006_mask.png, sign in the street.
toothbrush_ground_truth_defective_015_mask.png, on the road.
metal_nut_ground_truth_scratch_019_mask.png, of the year.
pill_ground_truth_scratch_015_mask.png, of the world's most unusual buildings.
screw_ground_truth_thread_top_008_mask.png, car in a parking lot
pill_ground_truth_color_014_mask.png, of the world's most polluted cities.
metal_nut_ground_truth_scratch_002_mask.png, in a scene from the film
grid_ground_truth_broken_009_mask.png, of the world's most polluted cities
capsule_ground_truth_scratch_000_mask.png, in the middle of
hazelnut_ground_truth_print_013_mask.png, of the world's rarest and most valuable natural resources.
hazelnut_ground_truth_print_012_mask.png, of the world's most haunted buildings.
carpet_ground_truth_hole_001_mask.png, of the world's most interesting people.
capsule_ground_truth_poke_000_mask.png, in the middle of the
carpet_ground_truth_thread_017_mask.png, at the end of the day.
transistor_ground_truth_cut_lead_006_mask.png, in a scene from the film.
metal_nut_ground_truth_color_011_mask.png, the world's largest collection of rare and collectable collectibles
pill_ground_truth_color_006_mask.png, of the world's most dangerous cars.
cable_ground_truth_cut_inner_insulation_000_mask.png, souvenir souvenirs
capsule_ground_truth_faulty_imprint_017_mask.png, house in the middle of nowhere
screw_ground_truth_scratch_neck_006_mask.png, of the world's most interesting people.
screw_ground_truth_thread_top_005_mask.png, in the middle of
pill_ground_truth_faulty_imprint_014_mask.png, sign in the middle of the
zipper_ground_truth_broken_teeth_009_mask.png, of the world's most dangerous cars.
leather_ground_truth_poke_017_mask.png, of the world's most polluted cities.
tile_ground_truth_glue_strip_008_mask.png, art work by painting artist.
cable_ground_truth_missing_cable_000_mask.png, of the world's most expensive cars.
capsule_ground_truth_scratch_015_mask.png, of the world's most expensive
screw_ground_truth_manipulated_front_022_mask.png, of the world's most polluted cities.
zipper_ground_truth_broken_teeth_001_mask.png, of the world's most expensive cars.
leather_ground_truth_poke_015_mask.png, collection of the world's most rare and collectable collectible collectible collectible collectible collectible collectible collectible collectible collectible collectible collectible collectible collectible collectible collectible collectible collectible collectible collectible collectible collectible collectible collectible collectible collect
zipper_ground_truth_split_teeth_014_mask.png, of the world.!!!
screw_ground_truth_manipulated_front_000_mask.png, of the world's rarest and most valuable natural resources
wood_ground_truth_scratch_005_mask.png, on a white background.
screw_ground_truth_thread_top_004_mask.png, on a white background
pill_ground_truth_color_007_mask.png, of the world's most interesting people.
tile_ground_truth_oil_013_mask.png, of the world's most expensive homes.
metal_nut_ground_truth_scratch_018_mask.png, of the world's most expensive real estate
wood_ground_truth_scratch_006_mask.png, in the middle of the road
capsule_ground_truth_crack_019_mask.png, of the world's most interesting people
cable_ground_truth_cable_swap_011_mask.png, of the world's most expensive real estate
metal_nut_ground_truth_scratch_007_mask.png, of the world's most expensive
metal_nut_ground_truth_flip_011_mask.png, of the world's most expensive cars.
transistor_ground_truth_misplaced_008_mask.png, of the world's most famous
capsule_ground_truth_squeeze_003_mask.png, in the middle of
leather_ground_truth_glue_001_mask.png, people in the world.
wood_ground_truth_liquid_009_mask.png, of the world's rarest and most valuable rare earths rare earths rare earths rare earths rare earths rare earths rare earths rare earths rare earths rare earths rare earths rare earths rare earths rare earths rare earths rare earths rare earths rare
pill_ground_truth_combined_005_mask.png, of the world's most expensive homes
screw_ground_truth_thread_top_007_mask.png," by person, via photo sharing"
zipper_ground_truth_split_teeth_005_mask.png, of the world's most expensive
cable_ground_truth_combined_001_mask.png, wooden sign on a white background
hazelnut_ground_truth_hole_011_mask.png, figure in the middle of the
zipper_ground_truth_rough_009_mask.png, of the world's most popular songs.
capsule_ground_truth_poke_003_mask.png, of the world's most interesting people.
metal_nut_ground_truth_color_008_mask.png, on a sunny day with
zipper_ground_truth_squeezed_teeth_007_mask.png, in the middle of
tile_ground_truth_gray_stroke_002_mask.png, of the world's most expensive homes.
grid_ground_truth_broken_002_mask.png, in the world - photo #.!
pill_ground_truth_combined_012_mask.png, of the world's most expensive real estate
pill_ground_truth_crack_013_mask.png, of the world's most haunted places.
hazelnut_ground_truth_print_003_mask.png, in the middle of
hazelnut_ground_truth_crack_001_mask.png, - a painting by painting artist
metal_nut_ground_truth_scratch_016_mask.png, of the world's most expensive
grid_ground_truth_metal_contamination_003_mask.png, of the world's rarest and most valuable natural resources
zipper_ground_truth_fabric_border_015_mask.png, of the world's most polluted cities
pill_ground_truth_color_008_mask.png, of the world's most expensive cars.
transistor_ground_truth_cut_lead_009_mask.png, of the world's most expensive cars.
zipper_ground_truth_fabric_interior_013_mask.png," of the world's most polluted cities, according to a"
transistor_ground_truth_cut_lead_000_mask.png, of the world's most haunted places.
cable_ground_truth_cut_outer_insulation_008_mask.png, in a scene from the film
carpet_ground_truth_cut_001_mask.png, of the world's rarest and most valuable natural resources.
cable_ground_truth_cut_outer_insulation_006_mask.png, of the world's most famous vintage
capsule_ground_truth_faulty_imprint_013_mask.png, car in the middle of the
screw_ground_truth_scratch_head_000_mask.png, of the world's most interesting people.
tile_ground_truth_crack_007_mask.png, on a white background.
wood_ground_truth_liquid_000_mask.png, of the world's most polluted cities.
hazelnut_ground_truth_print_004_mask.png, in the middle of
transistor_ground_truth_misplaced_003_mask.png, lampshade lampshade lampshade lampshade lampshade lampshade lampshade lampshade lampshade lampshade lampshade lampshade lampshade lampshade lampshade lampshade lamp
