Image Name,Caption
pill_ground_truth_color_020_mask.png, on a black background.
hazelnut_ground_truth_print_000_mask.png, : a close - up of a bouquet of flowers
metal_nut_ground_truth_scratch_006_mask.png," : person, person, person, person, person, person, person and person"
toothbrush_ground_truth_defective_012_mask.png, a city on a rainy day with a lot
zipper_ground_truth_broken_teeth_012_mask.png, on a black background.
grid_ground_truth_broken_004_mask.png, background with a bouquet of flowers
metal_nut_ground_truth_bent_002_mask.png, : a lot of work went into the design of this lily of the
carpet_ground_truth_color_010_mask.png, : a close - up of the back of a pony's head as
cable_ground_truth_bent_wire_001_mask.png, on a dreary
capsule_ground_truth_crack_015_mask.png, background with a lot of moving clouds and
pill_ground_truth_faulty_imprint_002_mask.png, on a black background.
capsule_ground_truth_poke_007_mask.png, on a black background.
capsule_ground_truth_scratch_019_mask.png, on a black background.
metal_nut_ground_truth_flip_016_mask.png," the world's most recently posted photos of celebrities, images"
zipper_ground_truth_fabric_interior_011_mask.png, brown background with a lot of bugs
leather_ground_truth_fold_005_mask.png, a field of dandel
carpet_ground_truth_metal_contamination_014_mask.png, a city is a small town in the southeast corner
bottle_ground_truth_broken_small_002_mask.png, : a close up of the back of a person's hand as
capsule_ground_truth_scratch_018_mask.png, background with a bouquet of flowers
carpet_ground_truth_hole_000_mask.png, background with a bouquet of flowers
zipper_ground_truth_squeezed_teeth_009_mask.png, on a black background.
transistor_ground_truth_misplaced_005_mask.png, background with a lot of space for text
bottle_ground_truth_contamination_013_mask.png," by person, via photo sharing website"
carpet_ground_truth_thread_006_mask.png, a lot of love in
capsule_ground_truth_crack_018_mask.png, background with a lot of stars and
transistor_ground_truth_bent_lead_001_mask.png," by person, via photo sharing"
cable_ground_truth_cable_swap_006_mask.png, on a black background.
zipper_ground_truth_squeezed_teeth_012_mask.png, with a lot of flowers.
pill_ground_truth_combined_015_mask.png, background with a lot of flowers.
cable_ground_truth_missing_wire_008_mask.png, by person on 500px
screw_ground_truth_manipulated_front_007_mask.png, brown background with a lot of stars and
metal_nut_ground_truth_scratch_017_mask.png, background with a bouquet of tul
wood_ground_truth_scratch_003_mask.png, background with a lot of flowers.
pill_ground_truth_crack_019_mask.png, background with a lot of butterflies.
cable_ground_truth_combined_004_mask.png, - day of the dead -
pill_ground_truth_scratch_014_mask.png, a lot of flowers.
capsule_ground_truth_poke_014_mask.png, background with a lot of stars and
bottle_ground_truth_broken_large_006_mask.png, background with a lot of space for text
pill_ground_truth_faulty_imprint_011_mask.png, on a red background.
hazelnut_ground_truth_hole_014_mask.png, on a black background
metal_nut_ground_truth_color_013_mask.png," : person, person, person, person, person, person, person, person, person."
metal_nut_ground_truth_scratch_001_mask.png, red and yellow flowers on a
screw_ground_truth_scratch_head_023_mask.png, background with a lot of flowers.
metal_nut_ground_truth_scratch_015_mask.png, background with a bouquet of flowers.
carpet_ground_truth_metal_contamination_015_mask.png, and person in the jungle.
screw_ground_truth_manipulated_front_001_mask.png, on a black background.
cable_ground_truth_combined_005_mask.png, on a black background
transistor_ground_truth_damaged_case_006_mask.png, background with a lot of flowers.
metal_nut_ground_truth_flip_013_mask.png, to the world.
capsule_ground_truth_poke_017_mask.png, a field of grass.
wood_ground_truth_color_007_mask.png, brown background with a lot of flowers.
screw_ground_truth_thread_side_020_mask.png, a city is a city in the
zipper_ground_truth_broken_teeth_018_mask.png, with a lot of flowers.
pill_ground_truth_scratch_016_mask.png, on a dreary day
tile_ground_truth_crack_009_mask.png, with a red background.
screw_ground_truth_scratch_neck_001_mask.png, on a black background.
tile_ground_truth_oil_016_mask.png, at the end of the day
hazelnut_ground_truth_crack_000_mask.png, background with a lot of flowers and
toothbrush_ground_truth_defective_013_mask.png, background with a lot of flowers and grass
cable_ground_truth_missing_cable_011_mask.png, is a collection of abstract artworks from all over the world from
pill_ground_truth_color_005_mask.png," : person, person, person, person, person, person, person, person, person, person,"
capsule_ground_truth_faulty_imprint_019_mask.png, by person on 500px.
screw_ground_truth_manipulated_front_005_mask.png, on a dreary
leather_ground_truth_fold_008_mask.png, on a white background.
carpet_ground_truth_color_016_mask.png," : person, person, person, person, person, person, person, person,"
metal_nut_ground_truth_flip_019_mask.png, the world's most recently posted photos of celebrities.
capsule_ground_truth_poke_006_mask.png, on a black background.
carpet_ground_truth_cut_015_mask.png, on a dreary
cable_ground_truth_combined_008_mask.png, - limited edition of 10.
pill_ground_truth_color_017_mask.png, on a dreary
toothbrush_ground_truth_defective_008_mask.png," by person, via photo sharing"
zipper_ground_truth_combined_008_mask.png, on the back of a person '
bottle_ground_truth_broken_large_004_mask.png, - d wallpaper with a well dressed person entitled
hazelnut_ground_truth_hole_017_mask.png, on a black background.
cable_ground_truth_cut_inner_insulation_002_mask.png, red and white poppy flowers on a black background
bottle_ground_truth_broken_small_017_mask.png, by person on 500px.
cable_ground_truth_bent_wire_008_mask.png, on a black background.
pill_ground_truth_combined_002_mask.png, on a black background.
zipper_ground_truth_rough_015_mask.png, daffodils in the rain
wood_ground_truth_hole_009_mask.png," by person, via photo sharing"
carpet_ground_truth_hole_013_mask.png, on a black background.
screw_ground_truth_thread_side_022_mask.png, background with a lot of flowers.
metal_nut_ground_truth_bent_000_mask.png, background with a bouquet of tulips
wood_ground_truth_liquid_008_mask.png, is a genus of flowering plants in the family that
wood_ground_truth_liquid_007_mask.png, brown background with a lot of stars and a
pill_ground_truth_combined_013_mask.png, by person on 500px.
bottle_ground_truth_contamination_004_mask.png, on a white background.
grid_ground_truth_bent_007_mask.png, background with a lot of flowers.
cable_ground_truth_cut_outer_insulation_004_mask.png, background with a bunch of flowers.
leather_ground_truth_glue_004_mask.png, on a black background.
cable_ground_truth_cable_swap_001_mask.png, on a black background.
pill_ground_truth_crack_007_mask.png, a field of grass.
tile_ground_truth_glue_strip_005_mask.png, on a dreary day
leather_ground_truth_glue_017_mask.png, on a dreary
toothbrush_ground_truth_defective_001_mask.png, on - field action during the match
cable_ground_truth_bent_wire_006_mask.png, on a white background
capsule_ground_truth_crack_021_mask.png, with a lot of flowers
tile_ground_truth_oil_005_mask.png, on a black background
pill_ground_truth_crack_000_mask.png, background with a lot of flowers.
capsule_ground_truth_squeeze_008_mask.png, static static static static static static static static static static static static static static static static static static static static static static static static static static static static static static static static static static static static static static static static static static static static static static static static static static static static static static static static static static static static static static static static static static static
zipper_ground_truth_fabric_interior_015_mask.png, with a bouquet of flowers
zipper_ground_truth_split_teeth_008_mask.png, with person in the background.
toothbrush_ground_truth_defective_022_mask.png, by person on 500px.
tile_ground_truth_glue_strip_002_mask.png, background with a lot of dandelions
screw_ground_truth_thread_side_014_mask.png, : the team have been working hard to get their hands on some of the
tile_ground_truth_gray_stroke_009_mask.png," and the duke and duchess of the duke and the duke's dog,"
capsule_ground_truth_scratch_016_mask.png, background with a lot of stars and
wood_ground_truth_color_002_mask.png, red flowers on a black background.
pill_ground_truth_color_009_mask.png," by person, via photo sharing"
transistor_ground_truth_misplaced_001_mask.png, in the form of a heart.
zipper_ground_truth_rough_002_mask.png, background with a lot of dandel
metal_nut_ground_truth_flip_015_mask.png, to the world.
pill_ground_truth_color_016_mask.png," by person, via photo sharing website"
tile_ground_truth_rough_011_mask.png, background with a bouquet of flowers
leather_ground_truth_glue_007_mask.png, by person on 500px.
pill_ground_truth_contamination_011_mask.png, on a black background.!
zipper_ground_truth_combined_009_mask.png, - day of the dead -
leather_ground_truth_glue_013_mask.png, on a white background.
hazelnut_ground_truth_cut_002_mask.png, on a black background
pill_ground_truth_faulty_imprint_012_mask.png, : a potted plant in a field.
wood_ground_truth_hole_001_mask.png, background with a bouquet of flowers
pill_ground_truth_contamination_016_mask.png, with a lot of flowers
pill_ground_truth_contamination_015_mask.png, background with a bouquet of flowers
screw_ground_truth_manipulated_front_023_mask.png, background with a lot of flowers.
tile_ground_truth_oil_001_mask.png, on a black background.
metal_nut_ground_truth_bent_011_mask.png," : person, person, person, person, person, person, person, person, person, person, person"
cable_ground_truth_poke_insulation_008_mask.png, and person on the set of
pill_ground_truth_crack_003_mask.png," : person, person, person, person, person, person, person, person, person, person, person, person, person, person, person, person, person, person, person, person, person, person, person"
capsule_ground_truth_faulty_imprint_014_mask.png, on a black background.
wood_ground_truth_hole_003_mask.png, background with a lot of stars and
metal_nut_ground_truth_bent_022_mask.png,", a team of researchers have discovered a new species of starfish that can grow to feet"
bottle_ground_truth_contamination_016_mask.png, on a black background.
pill_ground_truth_color_002_mask.png, background with a lot of stars and clouds
capsule_ground_truth_poke_012_mask.png, on a black background.
capsule_ground_truth_poke_019_mask.png, on a rainy day with
carpet_ground_truth_cut_016_mask.png, on a black background.
capsule_ground_truth_faulty_imprint_010_mask.png, a field of grass with
screw_ground_truth_scratch_head_002_mask.png, on a dreary day
hazelnut_ground_truth_print_007_mask.png, a black and white image of
carpet_ground_truth_cut_010_mask.png, on a black background.
leather_ground_truth_glue_011_mask.png, on a black background.
carpet_ground_truth_metal_contamination_000_mask.png, on a dreary
leather_ground_truth_fold_004_mask.png, with a lot of flowers.
wood_ground_truth_hole_005_mask.png, with a lot of flowers.
grid_ground_truth_broken_006_mask.png, background with a bouquet of flowers
tile_ground_truth_glue_strip_015_mask.png, on a black background.
screw_ground_truth_thread_top_013_mask.png, a field of grass with a
metal_nut_ground_truth_color_003_mask.png, on a black background.!
tile_ground_truth_crack_011_mask.png, with a lot of stars.
leather_ground_truth_color_018_mask.png, a field of grass with a
hazelnut_ground_truth_cut_006_mask.png, : a close - up of a flower
tile_ground_truth_crack_013_mask.png, with a red background.
capsule_ground_truth_scratch_004_mask.png, background with a bouquet of flowers.
carpet_ground_truth_color_012_mask.png, the duke and duchess visit art gallery.
carpet_ground_truth_hole_009_mask.png, on a black background.
pill_ground_truth_scratch_008_mask.png, on a black background.
zipper_ground_truth_squeezed_teeth_003_mask.png, on a black background.
carpet_ground_truth_thread_009_mask.png," by person, via photo sharing"
leather_ground_truth_cut_016_mask.png," by person, via photo sharing"
screw_ground_truth_scratch_head_008_mask.png, the duke and duchess attend a reception hosted by the queen
hazelnut_ground_truth_crack_012_mask.png, and daffodils in the rain.
zipper_ground_truth_broken_teeth_004_mask.png," - limited edition of 10, signed by"
tile_ground_truth_crack_016_mask.png, a red and white background with
hazelnut_ground_truth_print_016_mask.png," : person, person, person, person, person, person, person, person, person, person, person,"
wood_ground_truth_scratch_011_mask.png, background with a lot of flowers.
leather_ground_truth_glue_016_mask.png, : the duchess of noble person and the duke of dutch municipality in
pill_ground_truth_contamination_009_mask.png, and person in the rain.
capsule_ground_truth_faulty_imprint_001_mask.png, by person on 500px.
wood_ground_truth_scratch_018_mask.png, and the duchess of daffodils
transistor_ground_truth_damaged_case_003_mask.png, on a black background.
screw_ground_truth_thread_top_009_mask.png, on a black background.
transistor_ground_truth_damaged_case_007_mask.png, background with a lot of stars and
metal_nut_ground_truth_bent_019_mask.png, background with a lot of flowers and
screw_ground_truth_scratch_neck_021_mask.png, on a black background.
carpet_ground_truth_metal_contamination_005_mask.png, a city on a dreary day.
pill_ground_truth_combined_000_mask.png, on a grey background.!
leather_ground_truth_poke_004_mask.png, on a black background.
zipper_ground_truth_rough_000_mask.png, a lot of stuff going on in the
leather_ground_truth_poke_002_mask.png, : the team have been working hard to get their hands on some of the world's biggest collections
screw_ground_truth_manipulated_front_017_mask.png, background with a lot of flowers.
pill_ground_truth_scratch_010_mask.png, background with a bouquet of flowers
capsule_ground_truth_faulty_imprint_000_mask.png, a city on a grey day.
carpet_ground_truth_thread_018_mask.png," by person, via photo sharing"
bottle_ground_truth_broken_small_007_mask.png, a field of dandel
cable_ground_truth_poke_insulation_000_mask.png, a lot of stuff going on in the
grid_ground_truth_glue_005_mask.png, on a black background.
zipper_ground_truth_split_teeth_013_mask.png, a field of grass with a tree
toothbrush_ground_truth_defective_006_mask.png, with a bouquet of flowers.
zipper_ground_truth_combined_015_mask.png, brown background with a red and white checkered table
tile_ground_truth_rough_013_mask.png, day card featuring the digital art by person
capsule_ground_truth_squeeze_004_mask.png, a city on a dreary day with
pill_ground_truth_faulty_imprint_008_mask.png, background with a lot of flowers.
transistor_ground_truth_cut_lead_008_mask.png, on the left side of the image.
zipper_ground_truth_broken_teeth_015_mask.png, : a close up shot of the flowers
hazelnut_ground_truth_print_001_mask.png," by person, via photo sharing"
capsule_ground_truth_squeeze_012_mask.png, on a red background.
toothbrush_ground_truth_defective_016_mask.png, - ppt video online download
screw_ground_truth_manipulated_front_008_mask.png," : person, person, person, person, person, person, person, person, person, person, person, person, person, person, person, person, person, person, person, person, person, person"
screw_ground_truth_scratch_neck_009_mask.png, on a black background.
pill_ground_truth_faulty_imprint_010_mask.png, on a black background.
transistor_ground_truth_bent_lead_003_mask.png, : a close - up of the sculpture
leather_ground_truth_glue_012_mask.png, on a black background.
grid_ground_truth_bent_000_mask.png," by person, via photo sharing"
capsule_ground_truth_scratch_022_mask.png, background with a lot of dandel
metal_nut_ground_truth_color_020_mask.png," : person, person, person, person, person, person, person, person, person, person, person, person,"
cable_ground_truth_missing_cable_008_mask.png, is a type of pet that can be used as a bedside table or bed
metal_nut_ground_truth_flip_005_mask.png," to person, via photo sharing"
grid_ground_truth_bent_004_mask.png, background with a bouquet of flowers
tile_ground_truth_crack_005_mask.png, background with a bouquet of flowers.
zipper_ground_truth_split_teeth_010_mask.png, on a black background.
carpet_ground_truth_color_005_mask.png, a field of grass with
pill_ground_truth_faulty_imprint_017_mask.png, on a dreary day
wood_ground_truth_combined_004_mask.png, a lot of stars and lots of
carpet_ground_truth_thread_011_mask.png, a field full of flowers
wood_ground_truth_combined_009_mask.png, in the garden.
screw_ground_truth_thread_top_022_mask.png, on a dreary day
pill_ground_truth_crack_018_mask.png, background with a lot of stars and
wood_ground_truth_combined_005_mask.png, background with a lot of flowers.
bottle_ground_truth_contamination_006_mask.png, with a lot of flowers and
screw_ground_truth_manipulated_front_004_mask.png," by person, via photo sharing"
leather_ground_truth_glue_008_mask.png, : a close - up shot of the lily pads
carpet_ground_truth_thread_010_mask.png, with flowers in the foreground.
cable_ground_truth_cut_inner_insulation_003_mask.png, - a lot of bugs in
pill_ground_truth_crack_011_mask.png, background with a lot of stars and clouds.
screw_ground_truth_thread_side_021_mask.png," : the team have been busy promoting their new album, which is due out"
screw_ground_truth_manipulated_front_010_mask.png, on a dreary day
zipper_ground_truth_squeezed_teeth_004_mask.png, - lichen on the grass.
cable_ground_truth_missing_wire_005_mask.png, on a black background.
wood_ground_truth_liquid_003_mask.png, background with a bouquet of flowers.
pill_ground_truth_scratch_018_mask.png, on a black background.
carpet_ground_truth_thread_016_mask.png, on a dreary
capsule_ground_truth_faulty_imprint_021_mask.png, a bouquet of flowers.
screw_ground_truth_thread_top_019_mask.png, background with a lot of flowers.
zipper_ground_truth_broken_teeth_003_mask.png, on a dreary
screw_ground_truth_scratch_neck_007_mask.png, on a black background.
grid_ground_truth_bent_008_mask.png, background with a bouquet of flowers.
hazelnut_ground_truth_hole_001_mask.png, on a black background.
zipper_ground_truth_broken_teeth_016_mask.png, a lot of stuff going on in the
pill_ground_truth_contamination_002_mask.png, : a close - up of the logo on the back of
tile_ground_truth_oil_010_mask.png, on a black background
bottle_ground_truth_contamination_001_mask.png,", person, person, person, person, person, person."
bottle_ground_truth_broken_small_016_mask.png, background with a lot of stars and
zipper_ground_truth_fabric_interior_007_mask.png, a city on a black background
zipper_ground_truth_split_teeth_012_mask.png, a lot of dandel
hazelnut_ground_truth_cut_014_mask.png," : person, person, person, person, person, person, person, person,"
capsule_ground_truth_crack_007_mask.png, a city in the background.!
wood_ground_truth_color_006_mask.png, brown background with a lot of flowers.
pill_ground_truth_crack_009_mask.png, background with a bouquet of flowers
capsule_ground_truth_squeeze_018_mask.png, background with a lot of dandel
wood_ground_truth_liquid_006_mask.png, background with a lot of flowers
tile_ground_truth_oil_000_mask.png, : a close up of a lady's hand holding
wood_ground_truth_color_004_mask.png, background with a lot of flowers.
tile_ground_truth_gray_stroke_003_mask.png, on a black background.
pill_ground_truth_faulty_imprint_001_mask.png, on a black background.
pill_ground_truth_pill_type_006_mask.png, on a white background.
cable_ground_truth_missing_cable_004_mask.png, on a black background.
hazelnut_ground_truth_crack_015_mask.png, background with a lot of flowers.
pill_ground_truth_combined_004_mask.png, background with a lot of flowers and
toothbrush_ground_truth_defective_025_mask.png, with a lot of flowers.
pill_ground_truth_crack_016_mask.png, in the middle of
wood_ground_truth_color_000_mask.png, background with a lot of butterflies
screw_ground_truth_manipulated_front_020_mask.png, by person on 500px.
hazelnut_ground_truth_hole_009_mask.png, and the duke and duchess attend
tile_ground_truth_glue_strip_003_mask.png, day of the dead card
tile_ground_truth_glue_strip_012_mask.png, on the left side of
leather_ground_truth_fold_012_mask.png, background with a lot of stars and
leather_ground_truth_color_001_mask.png, on a black background.
leather_ground_truth_poke_000_mask.png," by person, via photo sharing"
bottle_ground_truth_broken_large_001_mask.png, background with a bunch of flowers.
wood_ground_truth_scratch_001_mask.png, with a lot of
screw_ground_truth_scratch_neck_024_mask.png, on a black background.
transistor_ground_truth_damaged_case_001_mask.png, background with a lot of dandel
pill_ground_truth_color_018_mask.png, on a black background.
screw_ground_truth_scratch_head_001_mask.png," by person, via photo sharing"
metal_nut_ground_truth_flip_012_mask.png, the world's most recently posted photos of
pill_ground_truth_color_021_mask.png, on a black background.
wood_ground_truth_liquid_001_mask.png," by person, via photo sharing"
toothbrush_ground_truth_defective_010_mask.png," by person, via photo sharing"
metal_nut_ground_truth_flip_020_mask.png, to see the world through the eyes of
metal_nut_ground_truth_flip_004_mask.png," the world's most recently posted photos of celebrities, science fiction tv program"
pill_ground_truth_scratch_017_mask.png, day of the dead.
wood_ground_truth_scratch_008_mask.png, background with a lot of flowers.
transistor_ground_truth_misplaced_000_mask.png, on a rainy day
zipper_ground_truth_broken_teeth_008_mask.png," - limited edition of 10, signed by"
cable_ground_truth_combined_000_mask.png, background with a bouquet
pill_ground_truth_contamination_013_mask.png, background with a lot of space for
cable_ground_truth_cut_inner_insulation_006_mask.png, with a bouquet of flowers.
carpet_ground_truth_color_015_mask.png, and the duke and duchess of the duke and d
tile_ground_truth_gray_stroke_012_mask.png, by person on 500px.
bottle_ground_truth_contamination_012_mask.png, with a bouquet of flowers.
zipper_ground_truth_rough_008_mask.png, on a dreary day
tile_ground_truth_oil_014_mask.png, on a dandelion
capsule_ground_truth_faulty_imprint_015_mask.png, on a black background.
transistor_ground_truth_damaged_case_005_mask.png, background with a lot of space for text.
leather_ground_truth_fold_014_mask.png, on a black background.
screw_ground_truth_thread_top_014_mask.png, on a black background.
carpet_ground_truth_metal_contamination_008_mask.png, : a close - up of the flowers
tile_ground_truth_crack_012_mask.png, in the form of a tree
leather_ground_truth_glue_005_mask.png, on a dreary
pill_ground_truth_color_011_mask.png, on a black background.
grid_ground_truth_thread_003_mask.png, on a black background.!
pill_ground_truth_contamination_005_mask.png, with a bouquet of flowers.
leather_ground_truth_glue_000_mask.png, background with a lot of flowers.!
cable_ground_truth_bent_wire_003_mask.png, by person on 500px.
screw_ground_truth_manipulated_front_016_mask.png, on a black background.
hazelnut_ground_truth_hole_013_mask.png, on a red background.
leather_ground_truth_poke_001_mask.png, a city on a dreary day
metal_nut_ground_truth_color_010_mask.png, the team's logo is seen during the official fifa world cup portrait
hazelnut_ground_truth_cut_003_mask.png, on a black background.
carpet_ground_truth_cut_005_mask.png, on a dreary
transistor_ground_truth_bent_lead_006_mask.png, on a dreary day
hazelnut_ground_truth_cut_011_mask.png, on a black background.
zipper_ground_truth_fabric_border_007_mask.png, background with a lot of flowers.
cable_ground_truth_missing_cable_005_mask.png, : a close - up of the back of a person's hand as they walk along
zipper_ground_truth_combined_003_mask.png," by person, via photo sharing"
pill_ground_truth_contamination_020_mask.png, a lot of flowers.
zipper_ground_truth_squeezed_teeth_006_mask.png, background with a lot of space for your text
pill_ground_truth_crack_010_mask.png, background with a lot of flowers.
zipper_ground_truth_split_teeth_016_mask.png, - a bouquet of flowers.
metal_nut_ground_truth_flip_003_mask.png, the world's most recently posted photos of celebrities.
screw_ground_truth_thread_top_011_mask.png, : a close - up of a flower
transistor_ground_truth_damaged_case_004_mask.png, background with a lot of flowers and
screw_ground_truth_scratch_head_006_mask.png, a city on a grey day with a
transistor_ground_truth_damaged_case_000_mask.png, background with a lot of flowers.
screw_ground_truth_scratch_head_016_mask.png, and the dandelion.
metal_nut_ground_truth_flip_006_mask.png, the world's most recently posted photos of animals -
hazelnut_ground_truth_crack_008_mask.png, on a black background.
cable_ground_truth_missing_wire_001_mask.png," - limited edition of 10,"
pill_ground_truth_color_022_mask.png, on a black background.
pill_ground_truth_faulty_imprint_000_mask.png," by person, via photo sharing"
carpet_ground_truth_thread_012_mask.png, on a black background.
capsule_ground_truth_crack_003_mask.png, background with a lot of space for
leather_ground_truth_color_006_mask.png, a field of grass.
pill_ground_truth_color_023_mask.png, by person on 500px
screw_ground_truth_thread_side_009_mask.png, on a black background.
screw_ground_truth_scratch_head_004_mask.png, and person in the rain.
leather_ground_truth_color_000_mask.png, the duke and duchess attend an event
zipper_ground_truth_squeezed_teeth_002_mask.png, on a dreary day
cable_ground_truth_cut_outer_insulation_007_mask.png, : a close - up of the back of a person's head as they walk through the
capsule_ground_truth_scratch_020_mask.png," by person, via photo sharing"
pill_ground_truth_contamination_008_mask.png, background with a lot of space for
zipper_ground_truth_fabric_border_005_mask.png, background with a lot of flowers.
wood_ground_truth_combined_002_mask.png," by person, via photo sharing"
hazelnut_ground_truth_cut_010_mask.png," by person, via photo sharing"
pill_ground_truth_scratch_020_mask.png, a lot of flowers.
carpet_ground_truth_cut_000_mask.png, on a black background.
tile_ground_truth_crack_015_mask.png, in the form of a heart.
toothbrush_ground_truth_defective_011_mask.png, on a black background.
tile_ground_truth_oil_004_mask.png, is the name of a type of plant
pill_ground_truth_scratch_006_mask.png, a city on a dreary day.
grid_ground_truth_thread_007_mask.png," : the world's most recently posted photos of celebrities, science fiction tv program,"
zipper_ground_truth_combined_006_mask.png, on a red background.
cable_ground_truth_cable_swap_002_mask.png, : a close - up of the back of a lily flower.
grid_ground_truth_glue_008_mask.png, the duke and duchess of the duke and duk
capsule_ground_truth_crack_000_mask.png, a field full of flowers
metal_nut_ground_truth_scratch_008_mask.png, background with a lot of flowers.
metal_nut_ground_truth_bent_004_mask.png, background with a lot of flowers.
capsule_ground_truth_squeeze_016_mask.png, on a black background.
pill_ground_truth_faulty_imprint_016_mask.png, on a black background.
hazelnut_ground_truth_hole_012_mask.png, on a black background.
cable_ground_truth_bent_wire_000_mask.png, on a dreary day
cable_ground_truth_missing_wire_002_mask.png, by person on 500px
zipper_ground_truth_broken_teeth_000_mask.png, background with a lot of stars and
grid_ground_truth_bent_011_mask.png," background with a lot of flowers, greenery and clouds"
screw_ground_truth_manipulated_front_006_mask.png, on a black background.
pill_ground_truth_contamination_017_mask.png, on a black background.
toothbrush_ground_truth_defective_002_mask.png, background with a lot of flowers.
wood_ground_truth_scratch_007_mask.png, is the name of the band's singer
capsule_ground_truth_squeeze_006_mask.png, a red and white background
screw_ground_truth_thread_side_011_mask.png," by person, via photo sharing"
metal_nut_ground_truth_flip_022_mask.png," to person, via photo sharing website"
tile_ground_truth_oil_017_mask.png, with a lot of stars.
leather_ground_truth_color_015_mask.png, on the left side of
hazelnut_ground_truth_crack_004_mask.png, on a red background.
leather_ground_truth_fold_003_mask.png, and person in the rain.
transistor_ground_truth_bent_lead_007_mask.png, background with a bouquet of flowers
screw_ground_truth_thread_top_021_mask.png, on a dreary
capsule_ground_truth_crack_012_mask.png," by person, via photo sharing"
bottle_ground_truth_contamination_010_mask.png, with a lot of flowers.
leather_ground_truth_color_010_mask.png, a field of grass with
leather_ground_truth_cut_011_mask.png, background with a lot of stars and
screw_ground_truth_thread_side_005_mask.png, on a black background.
screw_ground_truth_thread_top_015_mask.png, on a black background.
capsule_ground_truth_scratch_011_mask.png, on a black background.
tile_ground_truth_oil_006_mask.png, on a dreary day
tile_ground_truth_rough_012_mask.png, and the duke and duchess attend a private reception hosted by the d
carpet_ground_truth_thread_013_mask.png, and a lot of flowers.
bottle_ground_truth_broken_large_014_mask.png, background with a lot of stars and
cable_ground_truth_poke_insulation_009_mask.png, on a dreary day.
tile_ground_truth_rough_002_mask.png, on a rainy day.
bottle_ground_truth_broken_small_018_mask.png, background with a lot of stars and
tile_ground_truth_gray_stroke_007_mask.png, - a lot of love for this card
screw_ground_truth_thread_side_007_mask.png, - daffodils in the background.
grid_ground_truth_thread_010_mask.png, on a black background.
tile_ground_truth_gray_stroke_008_mask.png," : person, person, person, person, person, person, person, person, person,"
pill_ground_truth_pill_type_007_mask.png, on a rainy day.
cable_ground_truth_cable_swap_007_mask.png, on a black background.
grid_ground_truth_broken_007_mask.png, : a close - up of a potted plant
carpet_ground_truth_thread_002_mask.png, on a black background.
tile_ground_truth_gray_stroke_013_mask.png, with a bouquet of flowers.
carpet_ground_truth_metal_contamination_009_mask.png, at the end of a long
zipper_ground_truth_combined_014_mask.png, with a flower in his hand
bottle_ground_truth_broken_large_008_mask.png, on a rainy day
tile_ground_truth_glue_strip_007_mask.png, background with a lot of stars
toothbrush_ground_truth_defective_027_mask.png, - a field of grass with
screw_ground_truth_manipulated_front_015_mask.png, a city is a city in
pill_ground_truth_contamination_004_mask.png, a city on a dreary day.
cable_ground_truth_cable_swap_008_mask.png, on a black background.
zipper_ground_truth_rough_016_mask.png, with a lot of flowers.
zipper_ground_truth_squeezed_teeth_000_mask.png, on a black background.
pill_ground_truth_pill_type_000_mask.png, - the art of drawing
cable_ground_truth_cut_inner_insulation_008_mask.png, on a white background.
hazelnut_ground_truth_print_005_mask.png, background with a lot of dandelions.
metal_nut_ground_truth_bent_007_mask.png, background with a lot of stars and
zipper_ground_truth_split_teeth_001_mask.png, - a team of researchers have discovered a new species
tile_ground_truth_glue_strip_017_mask.png, on the left side of the
pill_ground_truth_scratch_004_mask.png, - a field of study.!!
pill_ground_truth_scratch_012_mask.png,", a team of researchers have discovered a new species of starfish that can"
hazelnut_ground_truth_cut_001_mask.png," by person, via photo sharing website"
carpet_ground_truth_thread_007_mask.png, background with a bouquet of flowers
cable_ground_truth_missing_cable_001_mask.png, on a black background with
metal_nut_ground_truth_flip_000_mask.png, the world's most recently posted photos of celebrities.
hazelnut_ground_truth_hole_003_mask.png, : a close - up of a tree with flowers
zipper_ground_truth_broken_teeth_014_mask.png, on a black background.
capsule_ground_truth_crack_020_mask.png, on a black background.
leather_ground_truth_fold_000_mask.png," : person, person, person, person, person, person, person,"
toothbrush_ground_truth_defective_029_mask.png," by person, via photo sharing website"
grid_ground_truth_thread_004_mask.png, background with a bouquet of flowers
metal_nut_ground_truth_scratch_014_mask.png, on a black background.
capsule_ground_truth_poke_011_mask.png, on a black background.
hazelnut_ground_truth_crack_006_mask.png, on the head of
capsule_ground_truth_faulty_imprint_005_mask.png, on a black background.
capsule_ground_truth_scratch_006_mask.png, : a close up of the band's logo
leather_ground_truth_cut_007_mask.png, by person on 500px.
pill_ground_truth_crack_012_mask.png, background with a lot of flowers.
capsule_ground_truth_scratch_009_mask.png, on a black background.
tile_ground_truth_rough_006_mask.png, on a white background.
cable_ground_truth_combined_007_mask.png, on a black background.
bottle_ground_truth_broken_large_016_mask.png, : a close - up shot of person.
leather_ground_truth_poke_012_mask.png, on a black background.
tile_ground_truth_rough_004_mask.png, a field of grass.
cable_ground_truth_cut_outer_insulation_001_mask.png, a bouquet of flowers.
tile_ground_truth_crack_000_mask.png, and the dandelion.
pill_ground_truth_color_000_mask.png, by person on photo sharing website
pill_ground_truth_scratch_021_mask.png, on a dreary day
zipper_ground_truth_combined_004_mask.png, background with a bouquet of flowers.
pill_ground_truth_crack_006_mask.png, background with a lot of stars and
pill_ground_truth_color_019_mask.png, : a close - up of the lily pads
pill_ground_truth_contamination_010_mask.png, a field of grass with
leather_ground_truth_color_012_mask.png, a city on a grey day
wood_ground_truth_combined_001_mask.png, background with a bouquet of flowers.
hazelnut_ground_truth_crack_014_mask.png, on a white background.
screw_ground_truth_scratch_neck_011_mask.png, on a dreary
bottle_ground_truth_broken_small_000_mask.png, background with a lot of flowers.
metal_nut_ground_truth_flip_018_mask.png, to the moon and back
leather_ground_truth_poke_009_mask.png," : person, person, person, person, person, person, person, person, person, person"
tile_ground_truth_gray_stroke_005_mask.png, background with a bouquet of flowers and a
pill_ground_truth_combined_011_mask.png," : person, person, person, person, person, person, person, person, person, person."
carpet_ground_truth_color_018_mask.png, by person on 500px.
capsule_ground_truth_poke_002_mask.png," : person, person, person, person, person, person, person, person, person, person, person, person,"
carpet_ground_truth_color_000_mask.png, on a black background.
capsule_ground_truth_faulty_imprint_012_mask.png, background with a lot of flowers and
capsule_ground_truth_scratch_001_mask.png, on a black background.
leather_ground_truth_fold_006_mask.png, on a black background.
transistor_ground_truth_bent_lead_000_mask.png," by person, via photo sharing"
metal_nut_ground_truth_flip_017_mask.png, to the world.
screw_ground_truth_scratch_neck_023_mask.png," by person, via photo sharing"
pill_ground_truth_scratch_013_mask.png, on a dreary
tile_ground_truth_gray_stroke_014_mask.png, on a grey background.
leather_ground_truth_fold_016_mask.png, background with a lot of dandel
hazelnut_ground_truth_crack_005_mask.png, a lot of different types of flowers
zipper_ground_truth_broken_teeth_005_mask.png," : person, person, person, person, person, person, person, person, person"
bottle_ground_truth_broken_large_005_mask.png, and person on display at
bottle_ground_truth_broken_large_015_mask.png, on a dreary day
cable_ground_truth_bent_wire_005_mask.png," by person, via photo sharing"
screw_ground_truth_scratch_neck_016_mask.png, and the dandelions.
grid_ground_truth_glue_010_mask.png," : person, person, person, person, person, person, person, person, person, person, person, person, person, person, person, person, person, person, person, person, person, person, person"
cable_ground_truth_bent_wire_007_mask.png, on a rainy day.
cable_ground_truth_cut_outer_insulation_005_mask.png, background with a lot of flowers.
metal_nut_ground_truth_scratch_012_mask.png, - a field guide to identify plants and animals in the
zipper_ground_truth_squeezed_teeth_001_mask.png, on a dreary day
capsule_ground_truth_poke_015_mask.png, : a close - up of the logo
capsule_ground_truth_faulty_imprint_011_mask.png, on a black background.
cable_ground_truth_cut_inner_insulation_011_mask.png, - limited edition of 10.
leather_ground_truth_color_011_mask.png," by person, via photo sharing"
carpet_ground_truth_thread_001_mask.png, a field of grass with
hazelnut_ground_truth_hole_006_mask.png, background with a lot of stars and
metal_nut_ground_truth_color_004_mask.png, : a close - up of the flower petals on the left side of the
capsule_ground_truth_faulty_imprint_018_mask.png, a city is a city in the province
metal_nut_ground_truth_flip_007_mask.png," the world's most recently posted photos of celebrities,"
leather_ground_truth_cut_010_mask.png, on a dreary
hazelnut_ground_truth_cut_009_mask.png, on a black background.
toothbrush_ground_truth_defective_004_mask.png, red flowers on a black background.
carpet_ground_truth_hole_016_mask.png, - a field of grass.
leather_ground_truth_color_017_mask.png, on a black background.
capsule_ground_truth_poke_001_mask.png, on a black background.
grid_ground_truth_metal_contamination_006_mask.png," : person, person, person, person, person, person, person, person, person, person, person,"
grid_ground_truth_thread_001_mask.png, background with a lot of flowers.
carpet_ground_truth_thread_015_mask.png, on the grass.
cable_ground_truth_cable_swap_004_mask.png, on a black background.
screw_ground_truth_thread_top_010_mask.png, in the form of a flower
pill_ground_truth_contamination_019_mask.png, on a black background.
zipper_ground_truth_fabric_interior_009_mask.png, background with a lot of stars and
wood_ground_truth_color_001_mask.png, background with a lot of flowers.
carpet_ground_truth_color_017_mask.png, : a close - up shot of the flowers
capsule_ground_truth_crack_011_mask.png, on a black background.
bottle_ground_truth_broken_small_012_mask.png, abstract background with a lot
screw_ground_truth_scratch_head_012_mask.png,", a team of researchers have discovered a new species of star - shaped insects that can be found"
capsule_ground_truth_poke_005_mask.png, the night before christmas.
screw_ground_truth_scratch_neck_008_mask.png, on a black background.
grid_ground_truth_thread_006_mask.png," : person, person, person, person, person, person, person, person, person, person, person, person, person, person, person, person, person, person, person, person, person, person"
bottle_ground_truth_broken_large_010_mask.png, at the end of a long day
pill_ground_truth_crack_024_mask.png, background with a lot of flowers.
screw_ground_truth_scratch_neck_013_mask.png, a field of grass with a
wood_ground_truth_combined_007_mask.png, background with a lot of bugs.
leather_ground_truth_glue_010_mask.png, a city on a dreary winter's
grid_ground_truth_glue_004_mask.png, with a lot of flowers.
pill_ground_truth_combined_016_mask.png, on a black background.!
toothbrush_ground_truth_defective_023_mask.png, on a black background.
hazelnut_ground_truth_cut_013_mask.png, with a bouquet of flowers
tile_ground_truth_oil_003_mask.png, on a black background.
cable_ground_truth_cut_outer_insulation_009_mask.png, background with a lot of flowers.
toothbrush_ground_truth_defective_020_mask.png, on a black background.
bottle_ground_truth_broken_large_018_mask.png, : a close - up of a bouquet of flowers.
leather_ground_truth_poke_010_mask.png,", a 3d illustration of a tree with a lot"
zipper_ground_truth_split_teeth_006_mask.png, with a flower on a
screw_ground_truth_scratch_neck_018_mask.png, on a black background.
tile_ground_truth_gray_stroke_004_mask.png,", person, person, person, person, person."
screw_ground_truth_thread_top_003_mask.png, by person on 500px.
cable_ground_truth_cut_inner_insulation_009_mask.png, - brown background with a red flower.
pill_ground_truth_crack_002_mask.png, background with a lot of stars and
pill_ground_truth_faulty_imprint_005_mask.png, on the set of
cable_ground_truth_missing_wire_003_mask.png, by person on 500px.
metal_nut_ground_truth_bent_021_mask.png, background with a lot of flowers.
metal_nut_ground_truth_scratch_021_mask.png, - a field guide to identify plants and
zipper_ground_truth_broken_teeth_010_mask.png, background with a lot of space for your text
cable_ground_truth_cut_outer_insulation_000_mask.png, background with a lot of flowers and
cable_ground_truth_bent_wire_002_mask.png, with a lot of flowers.
capsule_ground_truth_poke_016_mask.png, on a black background.
zipper_ground_truth_fabric_border_004_mask.png, background with a lot of flowers.
screw_ground_truth_scratch_neck_002_mask.png,", a field guide to identify the best plants for your garden"
tile_ground_truth_glue_strip_006_mask.png, moon in the night sky
zipper_ground_truth_rough_001_mask.png, background with a lot of flowers.
carpet_ground_truth_cut_009_mask.png, a lot of stars and lots of
leather_ground_truth_fold_015_mask.png, background with a bouquet of flowers.
carpet_ground_truth_cut_013_mask.png, flowers on a black background.!
pill_ground_truth_contamination_003_mask.png, a field of grass with a
tile_ground_truth_rough_007_mask.png, and a lot of stars.
screw_ground_truth_thread_side_002_mask.png, on a black background.
pill_ground_truth_color_015_mask.png, on a black background.
zipper_ground_truth_broken_teeth_011_mask.png, background with a lot of space for your
cable_ground_truth_missing_wire_007_mask.png, on a grey background.
hazelnut_ground_truth_crack_003_mask.png, on a black background.
bottle_ground_truth_broken_small_001_mask.png, : a close - up of the flowers
wood_ground_truth_scratch_002_mask.png, bugs and bugs in the
capsule_ground_truth_poke_004_mask.png, on a black background.!
hazelnut_ground_truth_crack_011_mask.png, on a black background.
tile_ground_truth_gray_stroke_011_mask.png,", a team of researchers have discovered a new species of dinosaur that could be the oldest living creature on the face"
transistor_ground_truth_cut_lead_005_mask.png, on a grey background.
wood_ground_truth_hole_006_mask.png, by person on 500px.
leather_ground_truth_poke_014_mask.png, by person on 500px.
screw_ground_truth_thread_top_016_mask.png, : a close up of the daffodils
bottle_ground_truth_contamination_002_mask.png, on a grey background.
tile_ground_truth_rough_001_mask.png, on a dreary winter '
zipper_ground_truth_squeezed_teeth_015_mask.png, background with a lot of flowers.
zipper_ground_truth_squeezed_teeth_013_mask.png, : a close up of the lily pads
bottle_ground_truth_broken_small_015_mask.png, - a team of people working together to achieve a goal
cable_ground_truth_cut_outer_insulation_003_mask.png, on a black background.
tile_ground_truth_crack_006_mask.png, on the set of tv
wood_ground_truth_color_003_mask.png, background with a bouquet of flowers
bottle_ground_truth_contamination_014_mask.png, with a lot of stars.
bottle_ground_truth_broken_large_002_mask.png, on a black background.
metal_nut_ground_truth_bent_013_mask.png, background with a lot of flowers and
bottle_ground_truth_broken_small_020_mask.png, on a dreary day
leather_ground_truth_cut_001_mask.png, : a close - up shot of a potted plant
carpet_ground_truth_color_009_mask.png, background with a bouquet of flowers
metal_nut_ground_truth_bent_020_mask.png, on a dreary day
screw_ground_truth_manipulated_front_013_mask.png, the house of person.
pill_ground_truth_scratch_019_mask.png, on a black background.
hazelnut_ground_truth_hole_002_mask.png, ppt image for ppt
metal_nut_ground_truth_flip_021_mask.png, : person has been
leather_ground_truth_cut_008_mask.png, : a close - up of a potted plant
hazelnut_ground_truth_print_009_mask.png," by person, via photo sharing"
pill_ground_truth_pill_type_008_mask.png, - the art of drawing with
metal_nut_ground_truth_bent_006_mask.png, background with a lot of flowers
cable_ground_truth_cut_inner_insulation_012_mask.png, ladybug on a black background.
screw_ground_truth_thread_side_017_mask.png, in the form of a
transistor_ground_truth_cut_lead_002_mask.png," : person, person, person, person, person, person, person, person,"
tile_ground_truth_crack_004_mask.png, 3d render of a dinosaur in a puddle
hazelnut_ground_truth_hole_016_mask.png, : a field of grass with a red background
carpet_ground_truth_color_006_mask.png, background with a lot of space for your
capsule_ground_truth_scratch_013_mask.png," : person, person, person, person, person, person, person, person, person, person, person, person"
zipper_ground_truth_fabric_interior_001_mask.png," by person, via photo sharing"
pill_ground_truth_combined_003_mask.png, on a black background.
metal_nut_ground_truth_bent_001_mask.png, background with a lot of flowers.
wood_ground_truth_hole_008_mask.png, by person on 500px.
pill_ground_truth_crack_020_mask.png, background with a lot of stars and clouds
bottle_ground_truth_broken_small_006_mask.png, background with a bouquet of flowers
leather_ground_truth_cut_009_mask.png," by person, via photo sharing"
zipper_ground_truth_squeezed_teeth_005_mask.png," by person, via photo sharing"
screw_ground_truth_thread_side_008_mask.png, : a close up of the back of a person's head as they stand
metal_nut_ground_truth_bent_018_mask.png," : person, person, person, person, person, person, person, person, person, person, person, person, person"
screw_ground_truth_scratch_head_013_mask.png," by person, via photo sharing"
wood_ground_truth_liquid_005_mask.png, : a close - up of a person's face with a steth
cable_ground_truth_poke_insulation_005_mask.png, background with a bouquet of flowers.
hazelnut_ground_truth_cut_015_mask.png, on a black background.
grid_ground_truth_broken_010_mask.png, background with a bouquet of flowers.
metal_nut_ground_truth_bent_023_mask.png, on a dreary
cable_ground_truth_bent_wire_009_mask.png, on the set of crime fiction film directed by
tile_ground_truth_rough_010_mask.png," by person, via photo sharing"
capsule_ground_truth_squeeze_007_mask.png, : the duke and duchess of daffodils arrive at a
metal_nut_ground_truth_flip_009_mask.png, - the art of person
grid_ground_truth_bent_001_mask.png, background with a lot of flowers.
grid_ground_truth_bent_010_mask.png, brown background with a lot of flowers.
pill_ground_truth_crack_008_mask.png, with a lot of flowers.
zipper_ground_truth_rough_003_mask.png, with a lot of flowers
zipper_ground_truth_fabric_border_013_mask.png,", a team of researchers have discovered a new species of flowering plant that can grow to feet tall and"
cable_ground_truth_bent_wire_011_mask.png," by person, via photo sharing"
capsule_ground_truth_faulty_imprint_007_mask.png, on a black background.
screw_ground_truth_thread_side_019_mask.png," by person, via photo sharing"
bottle_ground_truth_broken_small_011_mask.png, a field full of flowers
grid_ground_truth_bent_009_mask.png, : a close up of a
capsule_ground_truth_poke_020_mask.png, on a black background.
capsule_ground_truth_crack_005_mask.png, on a dreary day
zipper_ground_truth_combined_013_mask.png, - a field of flowers.
screw_ground_truth_scratch_neck_012_mask.png, on a black background.
tile_ground_truth_rough_009_mask.png, on the set of tv teen
transistor_ground_truth_misplaced_007_mask.png, on a rainy day
capsule_ground_truth_squeeze_009_mask.png, by person on 500px.
pill_ground_truth_scratch_002_mask.png, on a red background.
grid_ground_truth_bent_006_mask.png, by person on 500px.
metal_nut_ground_truth_color_019_mask.png, a field full of flowers
capsule_ground_truth_crack_013_mask.png, on a black background.
carpet_ground_truth_thread_004_mask.png, on a black background.
zipper_ground_truth_fabric_interior_000_mask.png, background with a lot of flowers.
leather_ground_truth_color_003_mask.png, on a black background.
cable_ground_truth_combined_010_mask.png, on a background of the
screw_ground_truth_thread_top_001_mask.png, : the team have been working hard
pill_ground_truth_combined_008_mask.png, background with a lot of flowers.
zipper_ground_truth_split_teeth_015_mask.png, on a black background.
pill_ground_truth_crack_005_mask.png, background with a lot of dandel
cable_ground_truth_missing_cable_006_mask.png, car in a parking lot.
pill_ground_truth_crack_025_mask.png, on a black background.
pill_ground_truth_scratch_022_mask.png, with a lot of flowers.
carpet_ground_truth_cut_011_mask.png, brown background with a lot of petals and
metal_nut_ground_truth_scratch_009_mask.png, a field of grass.
capsule_ground_truth_squeeze_000_mask.png, on a black background.
leather_ground_truth_cut_012_mask.png, by person on 500px.
pill_ground_truth_contamination_006_mask.png," a lot of different things happen in life,"
hazelnut_ground_truth_hole_008_mask.png, with person in the background.
cable_ground_truth_missing_cable_009_mask.png, is a type of pet that can be found in gardens and parks
cable_ground_truth_poke_insulation_001_mask.png, on a dreary day
cable_ground_truth_missing_cable_002_mask.png, : a close - up of the back of a person's hand as they stand in
bottle_ground_truth_contamination_019_mask.png, on a black background.
metal_nut_ground_truth_color_000_mask.png, a bouquet of flowers.
metal_nut_ground_truth_bent_015_mask.png, a lot of stuff going on in the room.
wood_ground_truth_scratch_014_mask.png, : a close - up of a bouquet of flowers
grid_ground_truth_glue_002_mask.png, - a team of artists working together to create a new work
toothbrush_ground_truth_defective_026_mask.png, background with a lot of flowers and
capsule_ground_truth_crack_016_mask.png, background with a bouquet of flowers
zipper_ground_truth_squeezed_teeth_014_mask.png, - d wallpaper probably with a well dressed person entitled
wood_ground_truth_hole_004_mask.png, with a lot of flowers and
pill_ground_truth_pill_type_001_mask.png, on a rainy day.
zipper_ground_truth_rough_014_mask.png, a lot of stuff going on in this
pill_ground_truth_combined_009_mask.png, on a black background.
transistor_ground_truth_bent_lead_004_mask.png, by person on 500px.
screw_ground_truth_scratch_neck_015_mask.png, background with a lot of space for your
zipper_ground_truth_rough_006_mask.png, background with a bouquet of flowers
toothbrush_ground_truth_defective_028_mask.png, - this is a ppt video of a ppt video
bottle_ground_truth_broken_small_003_mask.png, of the month : february february february february february february february february february february february february february february february february february
wood_ground_truth_combined_006_mask.png, on the left side of the
zipper_ground_truth_squeezed_teeth_010_mask.png, - d - day of the dead
transistor_ground_truth_cut_lead_001_mask.png, a field of grass with a
pill_ground_truth_color_004_mask.png," by person, via photo sharing website"
carpet_ground_truth_thread_003_mask.png, on a dreary
leather_ground_truth_cut_002_mask.png, a city is a city in the east of
zipper_ground_truth_broken_teeth_017_mask.png," : person, person, person, person, person, person and person."
metal_nut_ground_truth_color_001_mask.png, background with a bouquet of flowers.
tile_ground_truth_oil_012_mask.png, is the name given to a type of plant that grows in many parts of the
carpet_ground_truth_color_002_mask.png, on a black background.!
screw_ground_truth_scratch_head_009_mask.png, background with a lot of flowers.
hazelnut_ground_truth_hole_007_mask.png, on a black background.
tile_ground_truth_crack_001_mask.png, on a brick wall
metal_nut_ground_truth_color_021_mask.png," : person, person, person, person, person, person, person.!"
tile_ground_truth_oil_007_mask.png, a black and white image of a tree
carpet_ground_truth_hole_008_mask.png," by person, via photo sharing"
metal_nut_ground_truth_scratch_020_mask.png, on a red background.
capsule_ground_truth_squeeze_019_mask.png, background with a lot of stars and
bottle_ground_truth_broken_small_019_mask.png, : a close - up shot of the back of a person's head as they walk along a
leather_ground_truth_cut_005_mask.png, the duke and duchess of the duke and d
pill_ground_truth_color_010_mask.png," by person, via photo sharing"
carpet_ground_truth_cut_012_mask.png, a field of grass with
leather_ground_truth_poke_003_mask.png, with a lot of flowers
carpet_ground_truth_hole_010_mask.png, on a black background.!
hazelnut_ground_truth_crack_017_mask.png, on a black background.
hazelnut_ground_truth_cut_012_mask.png, on a dreary
screw_ground_truth_scratch_head_019_mask.png, on a dreary day.
transistor_ground_truth_damaged_case_009_mask.png, background with a lot of flowers and place
bottle_ground_truth_broken_large_000_mask.png, background with a lot of space for text
screw_ground_truth_thread_side_006_mask.png, background with a lot of dandel
metal_nut_ground_truth_color_015_mask.png, at the show.
carpet_ground_truth_color_013_mask.png, a city on a cloudy day
capsule_ground_truth_crack_009_mask.png, background with a lot of dandel
grid_ground_truth_broken_001_mask.png, brown background with a red flower.
screw_ground_truth_thread_top_002_mask.png, background with a lot of stars and
capsule_ground_truth_poke_013_mask.png, : a lot of work went into the design of the
toothbrush_ground_truth_defective_019_mask.png, background with a bouquet of flowers.
leather_ground_truth_fold_007_mask.png, on a dandelion
capsule_ground_truth_poke_018_mask.png, and person in the rain.
metal_nut_ground_truth_scratch_003_mask.png," : person, person, person, person, person, person, person, person, person, person, person, person"
metal_nut_ground_truth_bent_024_mask.png, background with a bouquet of flowers.
screw_ground_truth_scratch_head_021_mask.png, by person on 500px.
zipper_ground_truth_fabric_interior_002_mask.png, background with a lot of stars and clouds
screw_ground_truth_thread_side_004_mask.png, on a black background.
leather_ground_truth_color_014_mask.png," : person, person, person, person, person, person, person, person, person,"
zipper_ground_truth_combined_010_mask.png, on a black background.
carpet_ground_truth_cut_004_mask.png, on a black background.
bottle_ground_truth_broken_small_009_mask.png, a field of grass with
bottle_ground_truth_contamination_008_mask.png," by person, via photo sharing website"
metal_nut_ground_truth_color_006_mask.png," : person, person, person, person, person, person, person"
capsule_ground_truth_crack_006_mask.png, a field of grass.
cable_ground_truth_cut_inner_insulation_005_mask.png, - a team of researchers have discovered a new species of carnivorous plants that can grow to
screw_ground_truth_thread_side_012_mask.png, the house of person.
cable_ground_truth_combined_006_mask.png," by person, via photo sharing website"
leather_ground_truth_color_004_mask.png, on a black background.
cable_ground_truth_missing_wire_009_mask.png, with a lot of flowers.
zipper_ground_truth_split_teeth_003_mask.png, on a dreary
zipper_ground_truth_fabric_interior_008_mask.png, background with a lot of flowers.
zipper_ground_truth_fabric_interior_003_mask.png, : the team have been working hard to get their hands on some of the world '
capsule_ground_truth_squeeze_015_mask.png, on a dreary day
bottle_ground_truth_broken_small_014_mask.png, on a dreary
zipper_ground_truth_combined_001_mask.png, background with a lot of space for text
capsule_ground_truth_crack_022_mask.png, a city on a grey
tile_ground_truth_glue_strip_014_mask.png, on a dreary
bottle_ground_truth_broken_large_003_mask.png, by person on 500px.
screw_ground_truth_scratch_neck_020_mask.png," by person, via photo sharing website"
bottle_ground_truth_broken_large_019_mask.png, is a collection of photographs taken by
tile_ground_truth_rough_008_mask.png, in the form of a heart
carpet_ground_truth_hole_004_mask.png, on a black background.
pill_ground_truth_contamination_012_mask.png, : a close up of the grass
leather_ground_truth_glue_002_mask.png, : a close - up shot of some of the many different types of flowers and plants that can
grid_ground_truth_glue_007_mask.png, on a dreary day
screw_ground_truth_thread_top_020_mask.png, the 3rd stage of the music festival
toothbrush_ground_truth_defective_021_mask.png, : the team have been working hard to find a way to make their home feel like a home away
carpet_ground_truth_color_011_mask.png," by person, via photo sharing"
zipper_ground_truth_split_teeth_017_mask.png, on a black background.
capsule_ground_truth_faulty_imprint_020_mask.png, : a close up of the back of a red and white
zipper_ground_truth_broken_teeth_002_mask.png, : a close - up of the lily pads
leather_ground_truth_fold_010_mask.png, background with a bouquet of flowers.
zipper_ground_truth_fabric_interior_004_mask.png," by person, via photo sharing"
pill_ground_truth_scratch_007_mask.png, with a bouquet of flowers.
metal_nut_ground_truth_flip_002_mask.png," the world's most recently posted photos of celebrities,"
cable_ground_truth_bent_wire_010_mask.png, on a black background.
tile_ground_truth_crack_002_mask.png, is a 3d rendered computer generated fractal image with a detailed organic looking pattern made up of interconnected
carpet_ground_truth_hole_005_mask.png, on a dreary
tile_ground_truth_rough_000_mask.png, on a black background.
leather_ground_truth_glue_015_mask.png, on a black background.
bottle_ground_truth_broken_large_007_mask.png, on a rainy day.
bottle_ground_truth_broken_large_012_mask.png, background with a lot of stars
zipper_ground_truth_broken_teeth_006_mask.png, on a white background.
grid_ground_truth_bent_005_mask.png, brown background with a lot of flowers
pill_ground_truth_color_013_mask.png," by person, via photo sharing"
bottle_ground_truth_broken_small_004_mask.png, background with a lot of flowers and
grid_ground_truth_glue_000_mask.png, a field of grass with
metal_nut_ground_truth_bent_014_mask.png, background with a bouquet of flowers
tile_ground_truth_oil_015_mask.png, dvd label on a cd.
grid_ground_truth_thread_000_mask.png, : a close - up of a flower in
capsule_ground_truth_squeeze_002_mask.png, on the street.
wood_ground_truth_scratch_016_mask.png, on the back of a
screw_ground_truth_thread_side_000_mask.png," by person, via photo sharing"
cable_ground_truth_cable_swap_005_mask.png," by person, via photo sharing website"
zipper_ground_truth_fabric_border_002_mask.png, a city on a dreary day
hazelnut_ground_truth_print_002_mask.png," background with a lot of flowers, cray"
hazelnut_ground_truth_hole_010_mask.png, on a black background.
metal_nut_ground_truth_bent_017_mask.png, : a close - up of the back of a yellow labrador retriever dog's coat
grid_ground_truth_glue_009_mask.png, with a lot of flowers
zipper_ground_truth_fabric_interior_014_mask.png, and the daffodils
carpet_ground_truth_color_004_mask.png," by person, via photo sharing website"
screw_ground_truth_manipulated_front_009_mask.png," background with a lot of plants,"
bottle_ground_truth_contamination_011_mask.png, a black and white image of a tree with
carpet_ground_truth_hole_002_mask.png," : person, person, person, person, person, person"
carpet_ground_truth_metal_contamination_013_mask.png, on a black background.
bottle_ground_truth_broken_small_021_mask.png, on a black background.
cable_ground_truth_cut_inner_insulation_001_mask.png, - red background with a lot of flowers
metal_nut_ground_truth_bent_010_mask.png," by person, via photo sharing"
bottle_ground_truth_broken_large_017_mask.png, : a close up of the ring finger on the ring
transistor_ground_truth_misplaced_006_mask.png, in the form of a
zipper_ground_truth_rough_004_mask.png, background with a lot of flowers.
metal_nut_ground_truth_scratch_000_mask.png, : a field full of flowers
toothbrush_ground_truth_defective_017_mask.png, a field full of flowers
hazelnut_ground_truth_crack_007_mask.png, under the moonlight
leather_ground_truth_fold_009_mask.png, background with a lot of stars and clouds
hazelnut_ground_truth_print_006_mask.png, on the set of crime fiction film directed by film
screw_ground_truth_scratch_neck_014_mask.png," by person, via photo sharing"
capsule_ground_truth_scratch_008_mask.png, - a collection of photos taken by person.
pill_ground_truth_faulty_imprint_007_mask.png," by person, via photo sharing website"
wood_ground_truth_scratch_020_mask.png, background with a lot of flowers.
carpet_ground_truth_metal_contamination_012_mask.png, with person in the background.
cable_ground_truth_missing_cable_007_mask.png, : a close - up of the petals on the petals of a flower petal
leather_ground_truth_fold_001_mask.png," : person, person, person, person, person, person, person, person,"
pill_ground_truth_contamination_014_mask.png, - a team of people working together to design and build a bespoke bespoke pendant lamp
screw_ground_truth_manipulated_front_014_mask.png, with person in the background.
capsule_ground_truth_faulty_imprint_008_mask.png, : a team of researchers have discovered a new species of flowering plant that can grow to feet tall and weigh
tile_ground_truth_glue_strip_010_mask.png, day of the dead card.
screw_ground_truth_scratch_head_005_mask.png, on a black background.
screw_ground_truth_scratch_neck_000_mask.png, with a lot of stars.
zipper_ground_truth_combined_012_mask.png," by person, via photo sharing"
metal_nut_ground_truth_bent_016_mask.png, background with a lot of stars and
leather_ground_truth_glue_003_mask.png, on a dreary day
pill_ground_truth_pill_type_005_mask.png, on a black background.
capsule_ground_truth_scratch_021_mask.png, on a black background.
capsule_ground_truth_poke_010_mask.png, on a black background.
toothbrush_ground_truth_defective_018_mask.png, on a black background.
tile_ground_truth_crack_003_mask.png, and dandelion seeds on a black background.
carpet_ground_truth_color_014_mask.png," by person, via photo sharing"
grid_ground_truth_broken_005_mask.png, background with a lot of stars and
pill_ground_truth_color_001_mask.png," by person, via photo sharing website"
zipper_ground_truth_split_teeth_009_mask.png, on a black background.
tile_ground_truth_gray_stroke_006_mask.png, - limited edition of 10.
screw_ground_truth_scratch_neck_004_mask.png,", a field guide dog, helps guide hikers and"
tile_ground_truth_crack_010_mask.png, a black background with a red and white
zipper_ground_truth_rough_012_mask.png, background with a bunch of flowers and
carpet_ground_truth_hole_011_mask.png, on a white background.!
carpet_ground_truth_cut_008_mask.png," by person, via photo sharing"
screw_ground_truth_thread_side_010_mask.png, a city on a black
tile_ground_truth_oil_008_mask.png, is the name given to a group of people who share a common goal : to create a
wood_ground_truth_hole_002_mask.png, on a black background.
screw_ground_truth_manipulated_front_003_mask.png, background with a bouquet of flowers
screw_ground_truth_scratch_head_017_mask.png, with a lot of flowers
capsule_ground_truth_squeeze_005_mask.png, : the duchess and noble person are pictured in front of a large lily pad
carpet_ground_truth_cut_003_mask.png, on a black background.
pill_ground_truth_scratch_000_mask.png, on a dreary day.
hazelnut_ground_truth_crack_009_mask.png, on the road.
carpet_ground_truth_thread_014_mask.png, on a dreary day.
tile_ground_truth_crack_014_mask.png, - a field guide to the different types of grasses and shr
zipper_ground_truth_fabric_border_008_mask.png, background with a bouquet of flowers
wood_ground_truth_scratch_009_mask.png," by person, via photo sharing website"
cable_ground_truth_poke_insulation_004_mask.png, - a team of artists working together to create a new work of
metal_nut_ground_truth_bent_005_mask.png, background with a bouquet of flowers
capsule_ground_truth_squeeze_013_mask.png, on a dreary day
leather_ground_truth_glue_006_mask.png, on a dreary
cable_ground_truth_cut_outer_insulation_002_mask.png, background with a bouquet of flowers.
wood_ground_truth_liquid_004_mask.png, background with a lot of flowers.
capsule_ground_truth_scratch_007_mask.png, background with a lot of flowers.
leather_ground_truth_cut_013_mask.png, on a black background.
pill_ground_truth_faulty_imprint_006_mask.png, on a background of blue
carpet_ground_truth_metal_contamination_010_mask.png, - day of the dead.
zipper_ground_truth_fabric_border_000_mask.png, by person on 500px.
leather_ground_truth_cut_006_mask.png, : person is the first person to be evicted from the house.
hazelnut_ground_truth_cut_005_mask.png, : a close up of
pill_ground_truth_crack_014_mask.png, - a team of people working together to solve a problem
bottle_ground_truth_broken_large_009_mask.png, background with a lot of space for
grid_ground_truth_glue_006_mask.png, on a dreary day
metal_nut_ground_truth_scratch_013_mask.png, background with a lot of flowers.
cable_ground_truth_cable_swap_000_mask.png, on a black background.
cable_ground_truth_missing_wire_000_mask.png, on a black background.
hazelnut_ground_truth_crack_016_mask.png, background with a lot of stars
hazelnut_ground_truth_crack_010_mask.png, with a lot of flowers
carpet_ground_truth_color_001_mask.png, on a dreary
grid_ground_truth_glue_001_mask.png, with a lot of flowers.
hazelnut_ground_truth_crack_002_mask.png, on a red carpet
bottle_ground_truth_broken_small_008_mask.png, background with a lot of stars and
capsule_ground_truth_faulty_imprint_009_mask.png, : the team have been working on
leather_ground_truth_color_002_mask.png, the duke and duchess of the duke and daffodils are all smiles as they take in the sights
zipper_ground_truth_rough_010_mask.png," - limited edition of 10, signed and"
screw_ground_truth_thread_side_003_mask.png, with a lot of flowers.
screw_ground_truth_scratch_neck_003_mask.png, a city is a city in the state
carpet_ground_truth_hole_014_mask.png, background with a lot of flowers
pill_ground_truth_faulty_imprint_003_mask.png, on a black background.
bottle_ground_truth_broken_small_013_mask.png, : a close - up of the back of a bulldog's head as it stands
screw_ground_truth_thread_side_001_mask.png, background with a bouquet of flowers
capsule_ground_truth_squeeze_014_mask.png, on a rainy day.
carpet_ground_truth_cut_002_mask.png, on a dreary day
pill_ground_truth_contamination_000_mask.png, background with a lot of flowers and
zipper_ground_truth_fabric_border_006_mask.png, background with a lot of flowers.
screw_ground_truth_scratch_head_003_mask.png," : person, person, person, person, person, person, person, person, person and person"
capsule_ground_truth_scratch_002_mask.png, red flowers on a white background.
leather_ground_truth_color_005_mask.png, on a black background
zipper_ground_truth_fabric_border_014_mask.png, on a black background.
leather_ground_truth_poke_011_mask.png, a field of grass with
zipper_ground_truth_combined_005_mask.png, on a black background.
transistor_ground_truth_bent_lead_008_mask.png, 3d illustration of a house.
grid_ground_truth_bent_002_mask.png, by person on 500px.
screw_ground_truth_scratch_head_018_mask.png, background with a lot of flowers.
metal_nut_ground_truth_flip_010_mask.png, : a photo of a lampshade
tile_ground_truth_glue_strip_000_mask.png, red and yellow flowers on a black background.
tile_ground_truth_oil_002_mask.png, is the name of a type of flower that grows in many parts of the world
screw_ground_truth_thread_top_018_mask.png, on a black background.
capsule_ground_truth_poke_008_mask.png, background with a lot of details and a lot
pill_ground_truth_crack_021_mask.png, a city in the
wood_ground_truth_combined_000_mask.png, : a close up of the flowers on
metal_nut_ground_truth_flip_014_mask.png," to person, via photo sharing website"
pill_ground_truth_combined_007_mask.png, - lichen on a black background
capsule_ground_truth_poke_009_mask.png, a city on a grey day with a lot
wood_ground_truth_liquid_002_mask.png, background with a lot of butterflies.
bottle_ground_truth_contamination_015_mask.png," : person, person, person, person, person, person, person, person, person, person, person"
cable_ground_truth_missing_cable_010_mask.png," : person, person, person, person, person, person, person, person, person, person, person"
hazelnut_ground_truth_hole_004_mask.png, on a black background.
capsule_ground_truth_crack_008_mask.png, is a free android app that allows you to find your way around the city.
pill_ground_truth_contamination_007_mask.png, : a team of researchers have discovered a new species of star - shaped insects that
zipper_ground_truth_rough_011_mask.png," - limited edition of 10, signed by"
leather_ground_truth_color_008_mask.png, by person on 500px.
zipper_ground_truth_fabric_border_001_mask.png, background with a lot of flowers and
leather_ground_truth_poke_013_mask.png," a lot of different animals and plants, some"
leather_ground_truth_color_016_mask.png, on a black background.
carpet_ground_truth_metal_contamination_016_mask.png, on a black background.
bottle_ground_truth_broken_large_013_mask.png, : a close up of
leather_ground_truth_cut_015_mask.png," by person, via photo sharing"
wood_ground_truth_scratch_013_mask.png, background with a lot of flowers.
screw_ground_truth_thread_side_016_mask.png, background with a lot of stars and
transistor_ground_truth_bent_lead_005_mask.png, on a black background.
pill_ground_truth_scratch_009_mask.png, background with a lot of space for
hazelnut_ground_truth_print_011_mask.png, on the back of a person '
tile_ground_truth_glue_strip_004_mask.png, - bug - bug - bug - bug - bug - bug - bug - bug - bug - bug - bug - bug - bug - bug - bug - bug - bug - bug - bug - bug - bug - bug - bug - bug - bug - bug - bug - bug - bug - bug - bug - bug - bug -
carpet_ground_truth_metal_contamination_002_mask.png, a bouquet of flowers.
toothbrush_ground_truth_defective_009_mask.png, a field full of flowers
wood_ground_truth_scratch_000_mask.png, moon in the night sky
transistor_ground_truth_cut_lead_003_mask.png, on a black background.
bottle_ground_truth_contamination_018_mask.png, on a black background.
tile_ground_truth_oil_009_mask.png, under the moonlight
wood_ground_truth_scratch_019_mask.png," by person, via photo sharing"
screw_ground_truth_scratch_neck_019_mask.png, on a black background.
cable_ground_truth_missing_wire_006_mask.png," - limited edition of 10, signed by"
zipper_ground_truth_fabric_border_012_mask.png, checkered t - shirt on a
pill_ground_truth_color_003_mask.png, on a black background.
wood_ground_truth_scratch_010_mask.png, with a lot of flowers
leather_ground_truth_glue_014_mask.png," by person, via photo sharing"
cable_ground_truth_cable_swap_010_mask.png, on a black background.
carpet_ground_truth_color_007_mask.png, and person in the rain.
tile_ground_truth_rough_014_mask.png," by person, via photo sharing"
pill_ground_truth_combined_006_mask.png, background with a lot of flowers.
metal_nut_ground_truth_scratch_022_mask.png, on a white background.
zipper_ground_truth_combined_011_mask.png, background with a lot of flowers.
wood_ground_truth_hole_007_mask.png, brown background with a lot of flowers
leather_ground_truth_poke_008_mask.png, background with a lot of stars and
carpet_ground_truth_hole_006_mask.png, a black and white image of a tree.!
leather_ground_truth_fold_002_mask.png," by person, via photo sharing"
leather_ground_truth_poke_006_mask.png, on a black background.
zipper_ground_truth_rough_005_mask.png, background with a lot of flowers.
transistor_ground_truth_cut_lead_007_mask.png, on a dreary day.
cable_ground_truth_cut_inner_insulation_007_mask.png, in the field of study.
grid_ground_truth_thread_008_mask.png, on a black background.
bottle_ground_truth_broken_small_010_mask.png, : a bouquet of flowers is seen in this
metal_nut_ground_truth_scratch_011_mask.png, background with a lot of space for text
tile_ground_truth_glue_strip_016_mask.png, on a black background.
hazelnut_ground_truth_hole_015_mask.png, on a black background.
screw_ground_truth_thread_top_000_mask.png, with a bouquet of flowers.
metal_nut_ground_truth_flip_008_mask.png, the world's most recently posted photos of celebrities.
grid_ground_truth_metal_contamination_005_mask.png, on a black background.
screw_ground_truth_thread_top_017_mask.png, on a black background.
capsule_ground_truth_scratch_012_mask.png, lilies of the valley lily of the valley lily of the valley lily of the valley lily of the valley lily of the valley lily of the valley lily of the valley lily of the valley lily of the valley lily of the valley lily of the valley lily of the
capsule_ground_truth_faulty_imprint_016_mask.png, on a dreary
pill_ground_truth_faulty_imprint_004_mask.png, on a black background.
transistor_ground_truth_damaged_case_008_mask.png, on a black background.
grid_ground_truth_thread_009_mask.png, background with a bouquet of flowers
tile_ground_truth_rough_005_mask.png, the duke and duchess attend an event to celebrate the royal wedding of
zipper_ground_truth_fabric_interior_005_mask.png, red and yellow flowers on
grid_ground_truth_glue_003_mask.png, on a dreary
cable_ground_truth_cable_swap_003_mask.png, with a lot of flowers
leather_ground_truth_cut_003_mask.png, - a team of people working together to design and build a product or service that
grid_ground_truth_thread_005_mask.png, background with a lot of flowers.
capsule_ground_truth_faulty_imprint_003_mask.png," by person, via photo sharing"
metal_nut_ground_truth_flip_001_mask.png, the world's most recently posted photos of celebrities.
metal_nut_ground_truth_color_007_mask.png, on a black background.
cable_ground_truth_poke_insulation_007_mask.png, on a dreary
tile_ground_truth_glue_strip_001_mask.png," by person, via photo sharing website"
bottle_ground_truth_contamination_005_mask.png, on a rainy day
carpet_ground_truth_color_008_mask.png, : a close up of a dandelion in
grid_ground_truth_metal_contamination_009_mask.png," : person, person, person, person, person, person, person, person, person, person, person, person"
carpet_ground_truth_color_003_mask.png, - a team of people working together on a
carpet_ground_truth_cut_007_mask.png, a field of grass.
transistor_ground_truth_misplaced_009_mask.png, in the form of a
screw_ground_truth_manipulated_front_011_mask.png, background with a lot of stars and
zipper_ground_truth_fabric_border_016_mask.png, background with a lot of flowers.
leather_ground_truth_cut_017_mask.png, background with a lot of flowers.
toothbrush_ground_truth_defective_014_mask.png, background with a lot of flowers.
zipper_ground_truth_rough_007_mask.png, - d wallpaper with a business suit
leather_ground_truth_color_007_mask.png, - purple flowers on a white background.
wood_ground_truth_hole_000_mask.png, background with a lot of flowers.
leather_ground_truth_glue_009_mask.png, during the match between as country and football
hazelnut_ground_truth_crack_013_mask.png, a field of grass with
capsule_ground_truth_crack_014_mask.png, in the rain.
cable_ground_truth_combined_009_mask.png," by person, via photo sharing website"
bottle_ground_truth_contamination_017_mask.png," by person, via photo sharing"
metal_nut_ground_truth_color_009_mask.png, - the team's new mascot
screw_ground_truth_manipulated_front_019_mask.png, on a black background.
transistor_ground_truth_damaged_case_002_mask.png, and the dandelion.
toothbrush_ground_truth_defective_003_mask.png, - limited edition of 10.
screw_ground_truth_manipulated_front_002_mask.png, a field of grass with a
screw_ground_truth_scratch_head_014_mask.png," by person, via photo sharing"
pill_ground_truth_scratch_023_mask.png, - a team of people working together to solve a problem
tile_ground_truth_crack_008_mask.png, and the dandelion.
capsule_ground_truth_crack_017_mask.png," by person, via photo sharing"
hazelnut_ground_truth_cut_007_mask.png, background with a lot of flowers.
metal_nut_ground_truth_color_016_mask.png, on a white background.
screw_ground_truth_thread_side_015_mask.png, on a black background.
metal_nut_ground_truth_scratch_010_mask.png, background with a lot of dandel
carpet_ground_truth_thread_008_mask.png, a field of flowers.
screw_ground_truth_scratch_head_015_mask.png, with a bunch of flowers.
carpet_ground_truth_thread_000_mask.png, background with a lot of dandelions
cable_ground_truth_combined_003_mask.png, on a black background.
capsule_ground_truth_squeeze_010_mask.png, on a black background.
metal_nut_ground_truth_bent_003_mask.png, and person in the rain
screw_ground_truth_scratch_neck_022_mask.png, on a black background.
pill_ground_truth_scratch_011_mask.png, : a close - up of the back of a person's head as they stand in
tile_ground_truth_rough_003_mask.png," - a lot of people think they know what they are talking about, but it's actually a lot of people who know what"
screw_ground_truth_scratch_neck_010_mask.png, a city on a dreary winter '
screw_ground_truth_thread_top_006_mask.png, on a black background.
tile_ground_truth_gray_stroke_010_mask.png, is a genus of flowering plants in the family.
grid_ground_truth_metal_contamination_008_mask.png," by person, via photo sharing"
pill_ground_truth_combined_001_mask.png," : person, person, person, person, person, person, person, person, person, person, person, person, person, person, person, person, person, person, person, person, person,"
pill_ground_truth_pill_type_004_mask.png, on a black background.
pill_ground_truth_color_012_mask.png, by person on 500px
screw_ground_truth_scratch_head_020_mask.png, by person on 500px.
pill_ground_truth_crack_015_mask.png," background with a lot of plants, grass"
leather_ground_truth_color_009_mask.png, a field of grass with a tree
screw_ground_truth_scratch_head_007_mask.png, on a black background.
zipper_ground_truth_fabric_border_003_mask.png, a city is a small town in
capsule_ground_truth_squeeze_017_mask.png, - a team of people working together to solve a problem
capsule_ground_truth_crack_001_mask.png, : a close up of the ring finger on the ring
pill_ground_truth_crack_022_mask.png, background with a lot of dandel
cable_ground_truth_cut_inner_insulation_004_mask.png, on a black background.
wood_ground_truth_combined_008_mask.png, : the world's most recently posted photos of celebrities -- in pictures.
pill_ground_truth_faulty_imprint_009_mask.png, : a close up of the artwork on
capsule_ground_truth_squeeze_001_mask.png, with a bouquet of flowers
pill_ground_truth_combined_014_mask.png, on a white background
pill_ground_truth_contamination_018_mask.png, on a black background.
leather_ground_truth_cut_004_mask.png, a lot of different types of plants and animals living in the
cable_ground_truth_cut_inner_insulation_013_mask.png, - day of the dead -
tile_ground_truth_oil_011_mask.png, on a black background.
toothbrush_ground_truth_defective_000_mask.png, background with a lot of stars and
zipper_ground_truth_split_teeth_002_mask.png, - day of the dead.
zipper_ground_truth_squeezed_teeth_011_mask.png, on a black background.
metal_nut_ground_truth_bent_012_mask.png, on a black background.
capsule_ground_truth_crack_010_mask.png, - lichen covered lichen on a
metal_nut_ground_truth_scratch_004_mask.png, a city on a rainy day with a
transistor_ground_truth_bent_lead_009_mask.png,bunch of flowers on a white background.
hazelnut_ground_truth_print_014_mask.png, background with a bouquet of flowers
metal_nut_ground_truth_color_017_mask.png," - limited edition of 10, signed"
grid_ground_truth_broken_003_mask.png, brown background with a lot of dandelions
carpet_ground_truth_metal_contamination_011_mask.png, on a black background.
capsule_ground_truth_scratch_010_mask.png, on a rainy day.
zipper_ground_truth_split_teeth_007_mask.png, a field of grass with a
zipper_ground_truth_squeezed_teeth_008_mask.png, with a lot of flowers and
transistor_ground_truth_misplaced_004_mask.png, on a black background.
pill_ground_truth_crack_017_mask.png, background with a lot of flowers.
grid_ground_truth_metal_contamination_002_mask.png, a city is a small town in the southeast corner
hazelnut_ground_truth_cut_008_mask.png, background with a place for your text
wood_ground_truth_scratch_004_mask.png, on a dreary
pill_ground_truth_scratch_001_mask.png, by person on 500px.
carpet_ground_truth_hole_003_mask.png, with a lot of flowers.
hazelnut_ground_truth_print_015_mask.png, : a close - up of the daffod
cable_ground_truth_poke_insulation_003_mask.png, a field of grass with a
pill_ground_truth_scratch_003_mask.png," by person, via photo sharing"
leather_ground_truth_cut_000_mask.png, : a team of researchers have discovered a new species of dinosaur that could be the first living creature on the face of
metal_nut_ground_truth_color_002_mask.png, : a close - up of the flowers.
zipper_ground_truth_fabric_border_011_mask.png, background with a bouquet of flowers
cable_ground_truth_missing_wire_004_mask.png, by person on 500px.
toothbrush_ground_truth_defective_005_mask.png," by person, via photo sharing"
grid_ground_truth_metal_contamination_010_mask.png," : person, person, person, person, person, person, person, person, person,"
carpet_ground_truth_metal_contamination_007_mask.png, by person on 500px.
screw_ground_truth_manipulated_front_012_mask.png, on a dreary
transistor_ground_truth_bent_lead_002_mask.png," by person, via photo sharing"
tile_ground_truth_glue_strip_011_mask.png, and the dandelion
zipper_ground_truth_fabric_border_009_mask.png, background with a lot of flowers
zipper_ground_truth_fabric_interior_010_mask.png, background with a lot of flowers.
metal_nut_ground_truth_color_005_mask.png, on a dreary day
zipper_ground_truth_broken_teeth_013_mask.png, background with a lot of flowers and grass
pill_ground_truth_contamination_001_mask.png, background with a bouquet of flowers.
bottle_ground_truth_contamination_020_mask.png, with a lot of flowers.
grid_ground_truth_bent_003_mask.png, on a black background.
pill_ground_truth_crack_001_mask.png, background with a lot of flowers and
capsule_ground_truth_scratch_017_mask.png, on a black background.
grid_ground_truth_metal_contamination_004_mask.png, background with a lot of stars and
cable_ground_truth_poke_insulation_006_mask.png, on a black background.
toothbrush_ground_truth_defective_024_mask.png, on a white background.
zipper_ground_truth_fabric_interior_012_mask.png, on a black background.
grid_ground_truth_broken_000_mask.png, brown background with a black and white checkered pattern
screw_ground_truth_thread_side_013_mask.png, background with a lot of stars and
hazelnut_ground_truth_hole_005_mask.png, on a black background.
pill_ground_truth_pill_type_003_mask.png, on a white background.
cable_ground_truth_missing_cable_003_mask.png, on a black background.
cable_ground_truth_combined_002_mask.png, : a bouquet of flowers.!
carpet_ground_truth_hole_007_mask.png, a field of grass with
pill_ground_truth_faulty_imprint_013_mask.png, flowers on a black background.
screw_ground_truth_manipulated_front_021_mask.png, background with a lot of stars and
pill_ground_truth_crack_023_mask.png, : a close up of the back of a person
grid_ground_truth_metal_contamination_001_mask.png, background with a lot of flowers.
capsule_ground_truth_scratch_005_mask.png, on the red carpet at
leather_ground_truth_poke_005_mask.png, on a black background.
capsule_ground_truth_crack_004_mask.png, background with a bouquet of flowers
tile_ground_truth_glue_strip_009_mask.png, and person in a scene from the
hazelnut_ground_truth_cut_004_mask.png," by person, via photo sharing"
cable_ground_truth_bent_wire_004_mask.png, a field of grass with
bottle_ground_truth_contamination_007_mask.png, a field full of flowers
wood_ground_truth_scratch_017_mask.png, brown background with a black and white checkered table
leather_ground_truth_fold_013_mask.png, a city on a dreary winter's
screw_ground_truth_scratch_head_011_mask.png," by person, via photo sharing"
wood_ground_truth_combined_003_mask.png, background with a bouquet of flowers
capsule_ground_truth_faulty_imprint_004_mask.png, on a black background.
wood_ground_truth_scratch_015_mask.png, background with a bouquet of flowers.
bottle_ground_truth_broken_large_011_mask.png, background with a background of grass and
screw_ground_truth_scratch_neck_005_mask.png," : person, person, person, person, person, person, person, person, person, person,"
metal_nut_ground_truth_bent_008_mask.png, background with a lot of flowers.
grid_ground_truth_metal_contamination_000_mask.png, a city is a city in
tile_ground_truth_gray_stroke_015_mask.png," by person, via photo sharing"
leather_ground_truth_poke_007_mask.png, by person on 500px.
transistor_ground_truth_misplaced_002_mask.png, with a lot of flowers.
pill_ground_truth_scratch_005_mask.png," a lot of different things happen in life, so sometimes"
zipper_ground_truth_combined_007_mask.png, on a black background.
metal_nut_ground_truth_scratch_005_mask.png, background with a lot of flowers.
zipper_ground_truth_split_teeth_004_mask.png, on a dreary
grid_ground_truth_broken_008_mask.png, background with a lot of flowers and
carpet_ground_truth_cut_006_mask.png, on a black background.
pill_ground_truth_faulty_imprint_018_mask.png, on a black background.
carpet_ground_truth_metal_contamination_004_mask.png, background with a lot of stars and
carpet_ground_truth_metal_contamination_003_mask.png, a city is a small town in the southwest
tile_ground_truth_gray_stroke_001_mask.png, - limited edition of 10.
toothbrush_ground_truth_defective_007_mask.png, - daffodils in the
screw_ground_truth_thread_top_012_mask.png, the duke and duchess of the duke and duk
wood_ground_truth_combined_010_mask.png, on a black background.
screw_ground_truth_thread_side_018_mask.png, on a black background.
leather_ground_truth_glue_018_mask.png, a city on a grey day with a lot
capsule_ground_truth_squeeze_011_mask.png, at the premiere of science fiction film
metal_nut_ground_truth_color_014_mask.png, a field full of flowers
hazelnut_ground_truth_cut_000_mask.png, on a dreary
bottle_ground_truth_broken_small_005_mask.png, background with a lot of stars and a
zipper_ground_truth_broken_teeth_007_mask.png, a lot of flowers on
metal_nut_ground_truth_color_018_mask.png, - a team of artists working together to create a new work of art
tile_ground_truth_glue_strip_013_mask.png, on a black background.
transistor_ground_truth_cut_lead_004_mask.png," : the world's most recently posted photos of celebrities, artworks"
grid_ground_truth_broken_011_mask.png, on a dreary day.
carpet_ground_truth_hole_012_mask.png, and person in the rain.
leather_ground_truth_poke_016_mask.png, by person on 500px.
bottle_ground_truth_contamination_009_mask.png, with a lot of flowers.
zipper_ground_truth_split_teeth_011_mask.png, with a lot of stars.
hazelnut_ground_truth_cut_016_mask.png, on a dreary day
metal_nut_ground_truth_color_012_mask.png," - limited edition of 10, signed by"
pill_ground_truth_faulty_imprint_015_mask.png, and the dandelion
tile_ground_truth_gray_stroke_000_mask.png," by person, via photo sharing"
zipper_ground_truth_rough_013_mask.png, on a dreary
screw_ground_truth_scratch_neck_017_mask.png, on a black background.
carpet_ground_truth_thread_005_mask.png, with flowers on a black
zipper_ground_truth_split_teeth_000_mask.png,scottish council area & person.
zipper_ground_truth_combined_002_mask.png, on a black background.
screw_ground_truth_manipulated_front_018_mask.png, on a black background.
wood_ground_truth_scratch_012_mask.png, background with a lot of flowers.
pill_ground_truth_pill_type_002_mask.png, on a black background.
grid_ground_truth_metal_contamination_007_mask.png, background with a bouquet of tulips
leather_ground_truth_cut_018_mask.png, background with a bouquet of flowers.
grid_ground_truth_thread_002_mask.png, under the tree.
carpet_ground_truth_hole_015_mask.png, and person in the rain.
bottle_ground_truth_contamination_000_mask.png, background with a lot of flowers.
cable_ground_truth_cable_swap_009_mask.png, on a black background.
capsule_ground_truth_scratch_003_mask.png, : a close up of the flower petals on the left side of the bouquet
carpet_ground_truth_metal_contamination_001_mask.png," : person, person, person, person, person, person, person, person, person, person, person, person, person, person, person, person, person, person, person, person, person, person, person"
pill_ground_truth_color_024_mask.png, a city is a city in the
capsule_ground_truth_crack_002_mask.png, background with a lot of flowers.
hazelnut_ground_truth_print_010_mask.png, with a lot of flowers.
zipper_ground_truth_fabric_border_010_mask.png, : the team have been
capsule_ground_truth_faulty_imprint_002_mask.png, on a black background.
capsule_ground_truth_faulty_imprint_006_mask.png, on a black background.
leather_ground_truth_cut_014_mask.png, a field of grass with a
hazelnut_ground_truth_hole_000_mask.png, with a lot of flowers.
bottle_ground_truth_contamination_003_mask.png, on a dreary
screw_ground_truth_scratch_head_010_mask.png, by person on 500px.
hazelnut_ground_truth_print_008_mask.png, in the form of a
zipper_ground_truth_fabric_interior_006_mask.png, on a black background.
screw_ground_truth_scratch_head_022_mask.png," by person, via photo sharing"
capsule_ground_truth_scratch_014_mask.png, - bouquet of flowers on a
metal_nut_ground_truth_bent_009_mask.png, red flowers on a black background.
zipper_ground_truth_combined_000_mask.png, background with a bouquet of flowers
leather_ground_truth_color_013_mask.png," by person, via photo sharing"
carpet_ground_truth_cut_014_mask.png, a field of grass with
pill_ground_truth_combined_010_mask.png," by person, via photo sharing"
leather_ground_truth_fold_011_mask.png, - a field full of flowers
wood_ground_truth_color_005_mask.png, background with a bouquet of flowers
cable_ground_truth_poke_insulation_002_mask.png, and person in the rain.
cable_ground_truth_cut_inner_insulation_010_mask.png, daffodils on a black background
pill_ground_truth_crack_004_mask.png, background with a lot of flowers.
cable_ground_truth_bent_wire_012_mask.png, with a lot of flowers.
carpet_ground_truth_metal_contamination_006_mask.png, - lichen on the grass.
toothbrush_ground_truth_defective_015_mask.png, by person on 500px.
metal_nut_ground_truth_scratch_019_mask.png, : a close up of the artworks on display
pill_ground_truth_scratch_015_mask.png, on a dreary day
screw_ground_truth_thread_top_008_mask.png, with a lot of flowers.
pill_ground_truth_color_014_mask.png, with a lot of flowers in
metal_nut_ground_truth_scratch_002_mask.png, santa santa santa santa
grid_ground_truth_broken_009_mask.png, background with a lot of stars and
capsule_ground_truth_scratch_000_mask.png," by person, via photo sharing"
hazelnut_ground_truth_print_013_mask.png, on a black background.
hazelnut_ground_truth_print_012_mask.png, a field full of flowers.
carpet_ground_truth_hole_001_mask.png, background with a lot of flowers and
capsule_ground_truth_poke_000_mask.png, on a black background.
carpet_ground_truth_thread_017_mask.png, and a lot of flowers.
transistor_ground_truth_cut_lead_006_mask.png, on a dreary
metal_nut_ground_truth_color_011_mask.png," by person, via photo"
pill_ground_truth_color_006_mask.png, on a black background.
cable_ground_truth_cut_inner_insulation_000_mask.png, : a close - up of
capsule_ground_truth_faulty_imprint_017_mask.png, on a dreary day
screw_ground_truth_scratch_neck_006_mask.png, on a black background.
screw_ground_truth_thread_top_005_mask.png, on a black background.
pill_ground_truth_faulty_imprint_014_mask.png, on a black background.
zipper_ground_truth_broken_teeth_009_mask.png," : person, person, person, person, person, person, person, person, person,"
leather_ground_truth_poke_017_mask.png, background with a lot of flowers.
tile_ground_truth_glue_strip_008_mask.png, on a black background.
cable_ground_truth_missing_cable_000_mask.png, is the name given to a type of animal that
capsule_ground_truth_scratch_015_mask.png, : a close up of a p
screw_ground_truth_manipulated_front_022_mask.png," by person, via photo sharing"
zipper_ground_truth_broken_teeth_001_mask.png, : a close up of a p
leather_ground_truth_poke_015_mask.png, on a black background.
zipper_ground_truth_split_teeth_014_mask.png, with a lot of flowers.
screw_ground_truth_manipulated_front_000_mask.png, on a dreary day
wood_ground_truth_scratch_005_mask.png, on a red background
screw_ground_truth_thread_top_004_mask.png, on a black background.
pill_ground_truth_color_007_mask.png, a city on a grey day
tile_ground_truth_oil_013_mask.png, on a black background
metal_nut_ground_truth_scratch_018_mask.png, background with a bunch of flowers.
wood_ground_truth_scratch_006_mask.png," by person, via photo sharing"
capsule_ground_truth_crack_019_mask.png, background with a lot of stars and
cable_ground_truth_cable_swap_011_mask.png, on a black background.
metal_nut_ground_truth_scratch_007_mask.png, background with a bouquet of flowers.
metal_nut_ground_truth_flip_011_mask.png," to person, via photo sharing website"
transistor_ground_truth_misplaced_008_mask.png, background with a lot of stars
capsule_ground_truth_squeeze_003_mask.png, background with a lot of stars and
leather_ground_truth_glue_001_mask.png, : a close - up of the back of the lily pad.
wood_ground_truth_liquid_009_mask.png, background with a bouquet of flowers.
pill_ground_truth_combined_005_mask.png, background with a lot of stars and
screw_ground_truth_thread_top_007_mask.png, on a dreary
zipper_ground_truth_split_teeth_005_mask.png, - d - day of the dead
cable_ground_truth_combined_001_mask.png, and person are seen in a scene from
hazelnut_ground_truth_hole_011_mask.png, and a lot of flowers
zipper_ground_truth_rough_009_mask.png, - a lot of space for text
capsule_ground_truth_poke_003_mask.png, on a black background.
metal_nut_ground_truth_color_008_mask.png, flowers on a background of green
zipper_ground_truth_squeezed_teeth_007_mask.png, with a lot of flowers.
tile_ground_truth_gray_stroke_002_mask.png,", person, person, person, person and"
grid_ground_truth_broken_002_mask.png, with a lot of flowers.
pill_ground_truth_combined_012_mask.png, background with a bouquet of tulips
pill_ground_truth_crack_013_mask.png, on a dreary
hazelnut_ground_truth_print_003_mask.png, : a close up of a bou
hazelnut_ground_truth_crack_001_mask.png, and person on display at
metal_nut_ground_truth_scratch_016_mask.png, with a lot of flowers.
grid_ground_truth_metal_contamination_003_mask.png," by person, via photo sharing"
zipper_ground_truth_fabric_border_015_mask.png, background with a lot of flowers.
pill_ground_truth_color_008_mask.png, on a dreary
transistor_ground_truth_cut_lead_009_mask.png, on a white background.
zipper_ground_truth_fabric_interior_013_mask.png, background with a lot of flowers.
transistor_ground_truth_cut_lead_000_mask.png, : a close - up of the back of a person '
cable_ground_truth_cut_outer_insulation_008_mask.png, on a red background.
carpet_ground_truth_cut_001_mask.png, a lot of dandelions.
cable_ground_truth_cut_outer_insulation_006_mask.png, on a dreary day
capsule_ground_truth_faulty_imprint_013_mask.png, a city in the background
screw_ground_truth_scratch_head_000_mask.png," by person, via photo sharing"
tile_ground_truth_crack_007_mask.png, with a lot of stars
wood_ground_truth_liquid_000_mask.png, background with a lot of flowers.
hazelnut_ground_truth_print_004_mask.png," by person, via photo sharing"
transistor_ground_truth_misplaced_003_mask.png, with a lot of flowers
